shape_id,shape_pt_lat,shape_pt_lon,shape_pt_sequence
sth_line_shape,-34.137336325,18.432511082,1
sth_line_shape,-34.136062297,18.43311106,2
sth_line_shape,-34.135352604,18.433551908,3
sth_line_shape,-34.134133463,18.435112593,4
sth_line_shape,-34.132940022,18.436971642,5
sth_line_shape,-34.132217112,18.438179447,6
sth_line_shape,-34.131879968,18.439035279,7
sth_line_shape,-34.131827834,18.439769684,8
sth_line_shape,-34.131945886,18.440391399,9
sth_line_shape,-34.132304627,18.441819422,10
sth_line_shape,-34.132456319,18.44301624,11
sth_line_shape,-34.132550628,18.444668271,12
sth_line_shape,-34.132510427,18.446123348,13
sth_line_shape,-34.132220731,18.447044875,14
sth_line_shape,-34.131683771,18.447646436,15
sth_line_shape,-34.13080928,18.448257524,16
sth_line_shape,-34.130004971,18.448362618,17
sth_line_shape,-34.128949357,18.448106853,18
sth_line_shape,-34.128065395,18.448188745,19
sth_line_shape,-34.12755123,18.448517207,20
sth_line_shape,-34.127131246,18.448939283,21
sth_line_shape,-34.126239386,18.450130022,22
sth_line_shape,-34.124357272,18.452274562,23
sth_line_shape,-34.122875182,18.453662468,24
sth_line_shape,-34.121753122,18.45529292,25
sth_line_shape,-34.120046489,18.45773424,26
sth_line_shape,-34.119309287,18.458469698,27
sth_line_shape,-34.117909858,18.459850075,28
sth_line_shape,-34.116786454,18.461350264,29
sth_line_shape,-34.115669471,18.463057587,30
sth_line_shape,-34.113317123,18.466044506,31
sth_line_shape,-34.111695973,18.46676271,32
sth_line_shape,-34.110052775,18.467617222,33
sth_line_shape,-34.108905445,18.468328168,34
sth_line_shape,-34.107784232,18.468946067,35
sth_line_shape,-34.104647817,18.469192491,36
sth_line_shape,-34.099720509,18.468125885,37
sth_line_shape,-34.09665508,18.467264444,38
sth_line_shape,-34.093233077,18.465055014,39
sth_line_shape,-34.090410851,18.463130705,40
sth_line_shape,-34.089586076,18.462723564,41
sth_line_shape,-34.088237183,18.462538849,42
sth_line_shape,-34.087317641,18.462396348,43
sth_line_shape,-34.079316019,18.463279379,44
sth_line_shape,-34.075787059,18.463774399,45
sth_line_shape,-34.067979909,18.463393122,46
sth_line_shape,-34.059788415,18.463048225,47
sth_line_shape,-34.056390581,18.462932388,48
sth_line_shape,-34.055431317,18.463042256,49
sth_line_shape,-34.053907553,18.463445178,50
sth_line_shape,-34.051474304,18.464167999,51
sth_line_shape,-34.048544833,18.464923188,52
sth_line_shape,-34.045904633,18.465612263,53
sth_line_shape,-34.043451597,18.46634212,54
sth_line_shape,-34.04271874,18.466414265,55
sth_line_shape,-34.040724088,18.466356581,56
sth_line_shape,-34.039525306,18.466323799,57
sth_line_shape,-34.03786469,18.466353711,58
sth_line_shape,-34.036808428,18.466528324,59
sth_line_shape,-34.034970133,18.467209412,60
sth_line_shape,-34.033029987,18.467733717,61
sth_line_shape,-34.031673648,18.468335874,62
sth_line_shape,-34.031078962,18.468614982,63
sth_line_shape,-34.030094393,18.46884092,64
sth_line_shape,-34.023725223,18.469281347,65
sth_line_shape,-34.021915477,18.469743675,66
sth_line_shape,-34.015622861,18.471204762,67
sth_line_shape,-34.015160793,18.471107404,68
sth_line_shape,-34.01398509,18.470778697,69
sth_line_shape,-34.013153313,18.470477983,70
sth_line_shape,-34.011910595,18.47019347,71
sth_line_shape,-34.010164924,18.470278025,72
sth_line_shape,-34.008811985,18.470247681,73
sth_line_shape,-34.00616658,18.470649728,74
sth_line_shape,-34.004761708,18.471209345,75
sth_line_shape,-34.002534654,18.472608125,76
sth_line_shape,-34.000852915,18.473141172,77
sth_line_shape,-33.99887076,18.473292281,78
sth_line_shape,-33.996472393,18.473082669,79
sth_line_shape,-33.993338256,18.4727385,80
sth_line_shape,-33.990551694,18.472437245,81
sth_line_shape,-33.988377646,18.471422787,82
sth_line_shape,-33.98658717,18.470073697,83
sth_line_shape,-33.984530106,18.46846352,84
sth_line_shape,-33.983055688,18.467594164,85
sth_line_shape,-33.981686622,18.467113376,86
sth_line_shape,-33.980200596,18.466956438,87
sth_line_shape,-33.978988364,18.466899041,88
sth_line_shape,-33.978080972,18.467004232,89
sth_line_shape,-33.976198801,18.467128466,90
sth_line_shape,-33.973814156,18.467680363,91
sth_line_shape,-33.973406673,18.467879848,92
sth_line_shape,-33.969648412,18.469952821,93
sth_line_shape,-33.967642413,18.471067107,94
sth_line_shape,-33.965664014,18.471923556,95
sth_line_shape,-33.964374702,18.472213262,96
sth_line_shape,-33.962363086,18.472382375,97
sth_line_shape,-33.960137415,18.472594388,98
sth_line_shape,-33.957312488,18.472855362,99
sth_line_shape,-33.952517457,18.473452008,100
sth_line_shape,-33.948237172,18.473889783,101
sth_line_shape,-33.947075014,18.474001531,102
sth_line_shape,-33.945477037,18.473801913,103
sth_line_shape,-33.942519871,18.472861558,104
sth_line_shape,-33.937479633,18.471349118,105
sth_line_shape,-33.933641136,18.470225039,106
sth_line_shape,-33.930849808,18.469367919,107
sth_line_shape,-33.92999007,18.469095442,108
sth_line_shape,-33.929140187,18.468497181,109
sth_line_shape,-33.928453274,18.467825927,110
sth_line_shape,-33.928078875,18.467108845,111
sth_line_shape,-33.927745645,18.466225154,112
sth_line_shape,-33.927557578,18.46534475,113
sth_line_shape,-33.927292857,18.464526607,114
sth_line_shape,-33.927141323,18.463451413,115
sth_line_shape,-33.927002375,18.461398587,116
sth_line_shape,-33.926744167,18.459004944,117
sth_line_shape,-33.925807856,18.451200825,118
sth_line_shape,-33.92548338,18.448384558,119
sth_line_shape,-33.925443666,18.446983057,120
sth_line_shape,-33.92543352,18.446115543,121
sth_line_shape,-33.925505666,18.444565002,122
sth_line_shape,-33.92578611,18.442922518,123
sth_line_shape,-33.92610927,18.440772478,124
sth_line_shape,-33.926100899,18.438877244,125
sth_line_shape,-33.926041783,18.437349031,126
sth_line_shape,-33.925937276,18.434734032,127
sth_line_shape,-33.92580778,18.432308949,128
sth_line_shape,-33.925105888,18.42980909,129
sth_line_shape,-33.924407309,18.427833866,130
sth_line_shape,-33.923959366,18.426897166,131
sth_line_shape,-33.922628822,18.425404099,132
sth_line_shape_back,-33.922628822,18.425404099,1
sth_line_shape_back,-33.923959366,18.426897166,2
sth_line_shape_back,-33.924407309,18.427833866,3
sth_line_shape_back,-33.925105888,18.42980909,4
sth_line_shape_back,-33.92580778,18.432308949,5
sth_line_shape_back,-33.925937276,18.434734032,6
sth_line_shape_back,-33.926041783,18.437349031,7
sth_line_shape_back,-33.926100899,18.438877244,8
sth_line_shape_back,-33.92610927,18.440772478,9
sth_line_shape_back,-33.92578611,18.442922518,10
sth_line_shape_back,-33.925505666,18.444565002,11
sth_line_shape_back,-33.92543352,18.446115543,12
sth_line_shape_back,-33.925443666,18.446983057,13
sth_line_shape_back,-33.92548338,18.448384558,14
sth_line_shape_back,-33.925807856,18.451200825,15
sth_line_shape_back,-33.926744167,18.459004944,16
sth_line_shape_back,-33.927002375,18.461398587,17
sth_line_shape_back,-33.927141323,18.463451413,18
sth_line_shape_back,-33.927292857,18.464526607,19
sth_line_shape_back,-33.927557578,18.46534475,20
sth_line_shape_back,-33.927745645,18.466225154,21
sth_line_shape_back,-33.928078875,18.467108845,22
sth_line_shape_back,-33.928453274,18.467825927,23
sth_line_shape_back,-33.929140187,18.468497181,24
sth_line_shape_back,-33.92999007,18.469095442,25
sth_line_shape_back,-33.930849808,18.469367919,26
sth_line_shape_back,-33.933641136,18.470225039,27
sth_line_shape_back,-33.937479633,18.471349118,28
sth_line_shape_back,-33.942519871,18.472861558,29
sth_line_shape_back,-33.945477037,18.473801913,30
sth_line_shape_back,-33.947075014,18.474001531,31
sth_line_shape_back,-33.948237172,18.473889783,32
sth_line_shape_back,-33.952517457,18.473452008,33
sth_line_shape_back,-33.957312488,18.472855362,34
sth_line_shape_back,-33.960137415,18.472594388,35
sth_line_shape_back,-33.962363086,18.472382375,36
sth_line_shape_back,-33.964374702,18.472213262,37
sth_line_shape_back,-33.965664014,18.471923556,38
sth_line_shape_back,-33.967642413,18.471067107,39
sth_line_shape_back,-33.969648412,18.469952821,40
sth_line_shape_back,-33.973406673,18.467879848,41
sth_line_shape_back,-33.973814156,18.467680363,42
sth_line_shape_back,-33.976198801,18.467128466,43
sth_line_shape_back,-33.978080972,18.467004232,44
sth_line_shape_back,-33.978988364,18.466899041,45
sth_line_shape_back,-33.980200596,18.466956438,46
sth_line_shape_back,-33.981686622,18.467113376,47
sth_line_shape_back,-33.983055688,18.467594164,48
sth_line_shape_back,-33.984530106,18.46846352,49
sth_line_shape_back,-33.98658717,18.470073697,50
sth_line_shape_back,-33.988377646,18.471422787,51
sth_line_shape_back,-33.990551694,18.472437245,52
sth_line_shape_back,-33.993338256,18.4727385,53
sth_line_shape_back,-33.996472393,18.473082669,54
sth_line_shape_back,-33.99887076,18.473292281,55
sth_line_shape_back,-34.000852915,18.473141172,56
sth_line_shape_back,-34.002534654,18.472608125,57
sth_line_shape_back,-34.004761708,18.471209345,58
sth_line_shape_back,-34.00616658,18.470649728,59
sth_line_shape_back,-34.008811985,18.470247681,60
sth_line_shape_back,-34.010164924,18.470278025,61
sth_line_shape_back,-34.011910595,18.47019347,62
sth_line_shape_back,-34.013153313,18.470477983,63
sth_line_shape_back,-34.01398509,18.470778697,64
sth_line_shape_back,-34.015160793,18.471107404,65
sth_line_shape_back,-34.015622861,18.471204762,66
sth_line_shape_back,-34.021915477,18.469743675,67
sth_line_shape_back,-34.023725223,18.469281347,68
sth_line_shape_back,-34.030094393,18.46884092,69
sth_line_shape_back,-34.031078962,18.468614982,70
sth_line_shape_back,-34.031673648,18.468335874,71
sth_line_shape_back,-34.033029987,18.467733717,72
sth_line_shape_back,-34.034970133,18.467209412,73
sth_line_shape_back,-34.036808428,18.466528324,74
sth_line_shape_back,-34.03786469,18.466353711,75
sth_line_shape_back,-34.039525306,18.466323799,76
sth_line_shape_back,-34.040724088,18.466356581,77
sth_line_shape_back,-34.04271874,18.466414265,78
sth_line_shape_back,-34.043451597,18.46634212,79
sth_line_shape_back,-34.045904633,18.465612263,80
sth_line_shape_back,-34.048544833,18.464923188,81
sth_line_shape_back,-34.051474304,18.464167999,82
sth_line_shape_back,-34.053907553,18.463445178,83
sth_line_shape_back,-34.055431317,18.463042256,84
sth_line_shape_back,-34.056390581,18.462932388,85
sth_line_shape_back,-34.059788415,18.463048225,86
sth_line_shape_back,-34.067979909,18.463393122,87
sth_line_shape_back,-34.075787059,18.463774399,88
sth_line_shape_back,-34.079316019,18.463279379,89
sth_line_shape_back,-34.087317641,18.462396348,90
sth_line_shape_back,-34.088237183,18.462538849,91
sth_line_shape_back,-34.089586076,18.462723564,92
sth_line_shape_back,-34.090410851,18.463130705,93
sth_line_shape_back,-34.093233077,18.465055014,94
sth_line_shape_back,-34.09665508,18.467264444,95
sth_line_shape_back,-34.099720509,18.468125885,96
sth_line_shape_back,-34.104647817,18.469192491,97
sth_line_shape_back,-34.107784232,18.468946067,98
sth_line_shape_back,-34.108905445,18.468328168,99
sth_line_shape_back,-34.110052775,18.467617222,100
sth_line_shape_back,-34.111695973,18.46676271,101
sth_line_shape_back,-34.113317123,18.466044506,102
sth_line_shape_back,-34.115669471,18.463057587,103
sth_line_shape_back,-34.116786454,18.461350264,104
sth_line_shape_back,-34.117909858,18.459850075,105
sth_line_shape_back,-34.119309287,18.458469698,106
sth_line_shape_back,-34.120046489,18.45773424,107
sth_line_shape_back,-34.121753122,18.45529292,108
sth_line_shape_back,-34.122875182,18.453662468,109
sth_line_shape_back,-34.124357272,18.452274562,110
sth_line_shape_back,-34.126239386,18.450130022,111
sth_line_shape_back,-34.127131246,18.448939283,112
sth_line_shape_back,-34.12755123,18.448517207,113
sth_line_shape_back,-34.128065395,18.448188745,114
sth_line_shape_back,-34.128949357,18.448106853,115
sth_line_shape_back,-34.130004971,18.448362618,116
sth_line_shape_back,-34.13080928,18.448257524,117
sth_line_shape_back,-34.131683771,18.447646436,118
sth_line_shape_back,-34.132220731,18.447044875,119
sth_line_shape_back,-34.132510427,18.446123348,120
sth_line_shape_back,-34.132550628,18.444668271,121
sth_line_shape_back,-34.132456319,18.44301624,122
sth_line_shape_back,-34.132304627,18.441819422,123
sth_line_shape_back,-34.131945886,18.440391399,124
sth_line_shape_back,-34.131827834,18.439769684,125
sth_line_shape_back,-34.131879968,18.439035279,126
sth_line_shape_back,-34.132217112,18.438179447,127
sth_line_shape_back,-34.132940022,18.436971642,128
sth_line_shape_back,-34.134133463,18.435112593,129
sth_line_shape_back,-34.135352604,18.433551908,130
sth_line_shape_back,-34.136062297,18.43311106,131
sth_line_shape_back,-34.137336325,18.432511082,132
nth_34_stellies_line_shape,-33.92248762,18.426789801,1
nth_34_stellies_line_shape,-33.924972332,18.431672042,2
nth_34_stellies_line_shape,-33.925549171,18.436068004,3
nth_34_stellies_line_shape,-33.925282366,18.442037514,4
nth_34_stellies_line_shape,-33.92543548,18.448589746,5
nth_34_stellies_line_shape,-33.926304415,18.456204353,6
nth_34_stellies_line_shape,-33.926946256,18.462321036,7
nth_34_stellies_line_shape,-33.927472742,18.467268734,8
nth_34_stellies_line_shape,-33.926817015,18.47171327,9
nth_34_stellies_line_shape,-33.924885821,18.485957698,10
nth_34_stellies_line_shape,-33.923496204,18.496293102,11
nth_34_stellies_line_shape,-33.922935006,18.501332324,12
nth_34_stellies_line_shape,-33.92170385,18.509860986,13
nth_34_stellies_line_shape,-33.92012652,18.523277585,14
nth_34_stellies_line_shape,-33.919213333,18.530289694,15
nth_34_stellies_line_shape,-33.918825353,18.533228427,16
nth_34_stellies_line_shape,-33.917790074,18.538074807,17
nth_34_stellies_line_shape,-33.913831986,18.549561641,18
nth_34_stellies_line_shape,-33.911431076,18.557763369,19
nth_34_stellies_line_shape,-33.911067997,18.558832015,20
nth_34_stellies_line_shape,-33.910399552,18.564484965,21
nth_34_stellies_line_shape,-33.910478779,18.568610778,22
nth_34_stellies_line_shape,-33.910640423,18.569990837,23
nth_34_stellies_line_shape,-33.910521095,18.579097907,24
nth_34_stellies_line_shape,-33.909585567,18.586323308,25
nth_34_stellies_line_shape,-33.907547844,18.601345952,26
nth_34_stellies_line_shape,-33.905050764,18.619509543,27
nth_34_stellies_line_shape,-33.906532983,18.626551846,28
nth_34_stellies_line_shape,-33.907109202,18.629228748,29
nth_34_stellies_line_shape,-33.907535706,18.633968188,30
nth_34_stellies_line_shape,-33.911717128,18.650126894,31
nth_34_stellies_line_shape,-33.915577999,18.661772005,32
nth_34_stellies_line_shape,-33.917937608,18.665358941,33
nth_34_stellies_line_shape,-33.928628919,18.673793481,34
nth_34_stellies_line_shape,-33.940569404,18.683162207,35
nth_34_stellies_line_shape,-33.964485373,18.701305793,36
nth_34_stellies_line_shape,-33.978537505,18.712639338,37
nth_34_stellies_line_shape,-33.989362812,18.720344507,38
nth_34_stellies_line_shape,-33.999439847,18.729394511,39
nth_34_stellies_line_shape,-34.00115311,18.7318148,40
nth_34_stellies_line_shape,-34.002522952,18.734225154,41
nth_34_stellies_line_shape,-34.004622092,18.737457069,42
nth_34_stellies_line_shape,-34.006040125,18.742832218,43
nth_34_stellies_line_shape,-34.006057311,18.748305786,44
nth_34_stellies_line_shape,-34.005646873,18.751305698,45
nth_34_stellies_line_shape,-34.005652249,18.751044666,46
nth_34_stellies_line_shape,-34.002424434,18.756040455,47
nth_34_stellies_line_shape,-33.994734442,18.763172525,48
nth_34_stellies_line_shape,-33.985369103,18.767843598,49
nth_34_stellies_line_shape,-33.978667501,18.774322061,50
nth_34_stellies_line_shape,-33.967075713,18.789795524,51
nth_34_stellies_line_shape,-33.949893611,18.825121082,52
nth_34_stellies_line_shape,-33.941987816,18.845064647,53
nth_34_stellies_line_shape,-33.940333757,18.84847597,54
nth_34_stellies_line_shape,-33.93836306,18.850029735,55
nth_34_stellies_line_shape,-33.934002571,18.85239403,56
nth_34_stellies_line_shape,-33.931187889,18.853021164,57
nth_34_stellies_line_shape,-33.926408123,18.854163688,58
nth_34_stellies_line_shape,-33.923710106,18.854049732,59
nth_34_stellies_line_shape_back,-33.92248762,18.426789801,59
nth_34_stellies_line_shape_back,-33.924972332,18.431672042,58
nth_34_stellies_line_shape_back,-33.925549171,18.436068004,57
nth_34_stellies_line_shape_back,-33.925282366,18.442037514,56
nth_34_stellies_line_shape_back,-33.92543548,18.448589746,55
nth_34_stellies_line_shape_back,-33.926304415,18.456204353,54
nth_34_stellies_line_shape_back,-33.926946256,18.462321036,53
nth_34_stellies_line_shape_back,-33.927472742,18.467268734,52
nth_34_stellies_line_shape_back,-33.926817015,18.47171327,51
nth_34_stellies_line_shape_back,-33.924885821,18.485957698,50
nth_34_stellies_line_shape_back,-33.923496204,18.496293102,49
nth_34_stellies_line_shape_back,-33.922935006,18.501332324,48
nth_34_stellies_line_shape_back,-33.92170385,18.509860986,47
nth_34_stellies_line_shape_back,-33.92012652,18.523277585,46
nth_34_stellies_line_shape_back,-33.919213333,18.530289694,45
nth_34_stellies_line_shape_back,-33.918825353,18.533228427,44
nth_34_stellies_line_shape_back,-33.917790074,18.538074807,43
nth_34_stellies_line_shape_back,-33.913831986,18.549561641,42
nth_34_stellies_line_shape_back,-33.911431076,18.557763369,41
nth_34_stellies_line_shape_back,-33.911067997,18.558832015,40
nth_34_stellies_line_shape_back,-33.910399552,18.564484965,39
nth_34_stellies_line_shape_back,-33.910478779,18.568610778,38
nth_34_stellies_line_shape_back,-33.910640423,18.569990837,37
nth_34_stellies_line_shape_back,-33.910521095,18.579097907,36
nth_34_stellies_line_shape_back,-33.909585567,18.586323308,35
nth_34_stellies_line_shape_back,-33.907547844,18.601345952,34
nth_34_stellies_line_shape_back,-33.905050764,18.619509543,33
nth_34_stellies_line_shape_back,-33.906532983,18.626551846,32
nth_34_stellies_line_shape_back,-33.907109202,18.629228748,31
nth_34_stellies_line_shape_back,-33.907535706,18.633968188,30
nth_34_stellies_line_shape_back,-33.911717128,18.650126894,29
nth_34_stellies_line_shape_back,-33.915577999,18.661772005,28
nth_34_stellies_line_shape_back,-33.917937608,18.665358941,27
nth_34_stellies_line_shape_back,-33.928628919,18.673793481,26
nth_34_stellies_line_shape_back,-33.940569404,18.683162207,25
nth_34_stellies_line_shape_back,-33.964485373,18.701305793,24
nth_34_stellies_line_shape_back,-33.978537505,18.712639338,23
nth_34_stellies_line_shape_back,-33.989362812,18.720344507,22
nth_34_stellies_line_shape_back,-33.999439847,18.729394511,21
nth_34_stellies_line_shape_back,-34.00115311,18.7318148,20
nth_34_stellies_line_shape_back,-34.002522952,18.734225154,19
nth_34_stellies_line_shape_back,-34.004622092,18.737457069,18
nth_34_stellies_line_shape_back,-34.006040125,18.742832218,17
nth_34_stellies_line_shape_back,-34.006057311,18.748305786,16
nth_34_stellies_line_shape_back,-34.005646873,18.751305698,15
nth_34_stellies_line_shape_back,-34.005652249,18.751044666,14
nth_34_stellies_line_shape_back,-34.002424434,18.756040455,13
nth_34_stellies_line_shape_back,-33.994734442,18.763172525,12
nth_34_stellies_line_shape_back,-33.985369103,18.767843598,11
nth_34_stellies_line_shape_back,-33.978667501,18.774322061,10
nth_34_stellies_line_shape_back,-33.967075713,18.789795524,9
nth_34_stellies_line_shape_back,-33.949893611,18.825121082,8
nth_34_stellies_line_shape_back,-33.941987816,18.845064647,7
nth_34_stellies_line_shape_back,-33.940333757,18.84847597,6
nth_34_stellies_line_shape_back,-33.93836306,18.850029735,5
nth_34_stellies_line_shape_back,-33.934002571,18.85239403,4
nth_34_stellies_line_shape_back,-33.931187889,18.853021164,3
nth_34_stellies_line_shape_back,-33.926408123,18.854163688,2
nth_34_stellies_line_shape_back,-33.923710106,18.854049732,1
cpflt_line_shape,-33.922932725,18.425826854,1
cpflt_line_shape,-33.924014936,18.427527491,2
cpflt_line_shape,-33.9251656,18.430565709,3
cpflt_line_shape,-33.925781218,18.436278238,4
cpflt_line_shape,-33.925631711,18.440648847,5
cpflt_line_shape,-33.925427743,18.443992155,6
cpflt_line_shape,-33.925424452,18.446193556,7
cpflt_line_shape,-33.925370137,18.447839725,8
cpflt_line_shape,-33.926174087,18.45460021,9
cpflt_line_shape,-33.926711503,18.458951291,10
cpflt_line_shape,-33.927009817,18.462050383,11
cpflt_line_shape,-33.92727063,18.464906959,12
cpflt_line_shape,-33.927339341,18.466000024,13
cpflt_line_shape,-33.927428568,18.467100556,14
cpflt_line_shape,-33.927254465,18.468355739,15
cpflt_line_shape,-33.926902856,18.469907448,16
cpflt_line_shape,-33.926145288,18.475921547,17
cpflt_line_shape,-33.925771912,18.478984304,18
cpflt_line_shape,-33.925581583,18.480081248,19
cpflt_line_shape,-33.924952671,18.48516724,20
cpflt_line_shape,-33.924822191,18.486686583,21
cpflt_line_shape,-33.924454332,18.489031623,22
cpflt_line_shape,-33.92374556,18.49207069,23
cpflt_line_shape,-33.923656434,18.493965072,24
cpflt_line_shape,-33.923983123,18.495109044,25
cpflt_line_shape,-33.924198277,18.495744722,26
cpflt_line_shape,-33.924822947,18.49641547,27
cpflt_line_shape,-33.925843547,18.496615651,28
cpflt_line_shape,-33.926546162,18.496311599,29
cpflt_line_shape,-33.928587318,18.495219467,30
cpflt_line_shape,-33.929283321,18.494690169,31
cpflt_line_shape,-33.93033594,18.494069949,32
cpflt_line_shape,-33.932162502,18.492981332,33
cpflt_line_shape,-33.934340781,18.491675298,34
cpflt_line_shape,-33.935521711,18.491057535,35
cpflt_line_shape,-33.936340198,18.490832984,36
cpflt_line_shape,-33.93782662,18.490569926,37
cpflt_line_shape,-33.939431392,18.490647531,38
cpflt_line_shape,-33.941770968,18.490903817,39
cpflt_line_shape,-33.942996685,18.491037998,40
cpflt_line_shape,-33.944433301,18.491420404,41
cpflt_line_shape,-33.944746091,18.491589283,42
cpflt_line_shape,-33.945654332,18.492393317,43
cpflt_line_shape,-33.946524667,18.493485705,44
cpflt_line_shape,-33.950059346,18.499007308,45
cpflt_line_shape,-33.951137133,18.500664941,46
cpflt_line_shape,-33.951943735,18.50163726,47
cpflt_line_shape,-33.953154667,18.502503845,48
cpflt_line_shape,-33.954082305,18.502780099,49
cpflt_line_shape,-33.955538893,18.502776998,50
cpflt_line_shape,-33.957584825,18.502278895,51
cpflt_line_shape,-33.958967942,18.50189239,52
cpflt_line_shape,-33.960978662,18.501801729,53
cpflt_line_shape,-33.963140313,18.501747537,54
cpflt_line_shape,-33.964998087,18.501644706,55
cpflt_line_shape,-33.967380699,18.501587945,56
cpflt_line_shape,-33.970604683,18.501544898,57
cpflt_line_shape,-33.973390725,18.501493919,58
cpflt_line_shape,-33.975933541,18.501373739,59
cpflt_line_shape,-33.977878464,18.501392331,60
cpflt_line_shape,-33.979617572,18.501287077,61
cpflt_line_shape,-33.980633408,18.501434371,62
cpflt_line_shape,-33.985860878,18.503308686,63
cpflt_line_shape,-33.98736654,18.503835717,64
cpflt_line_shape,-33.988075887,18.504065238,65
cpflt_line_shape,-33.988528622,18.504123777,66
cpflt_line_shape,-33.989023805,18.504182487,67
cpflt_line_shape,-33.990366668,18.50402467,68
cpflt_line_shape,-33.99321853,18.503469847,69
cpflt_line_shape,-33.995430322,18.503085782,70
cpflt_line_shape,-33.997864055,18.502637801,71
cpflt_line_shape,-33.998831118,18.502456027,72
cpflt_line_shape,-33.99980634,18.502204472,73
cpflt_line_shape,-34.000350089,18.501962437,74
cpflt_line_shape,-34.001764329,18.501284135,75
cpflt_line_shape,-34.003379988,18.500428105,76
cpflt_line_shape,-34.006210053,18.498979791,77
cpflt_line_shape,-34.007941105,18.498171853,78
cpflt_line_shape,-34.009937592,18.497128843,79
cpflt_line_shape,-34.012239694,18.495915734,80
cpflt_line_shape,-34.013501667,18.49521198,81
cpflt_line_shape,-34.016350942,18.49375587,82
cpflt_line_shape,-34.019382757,18.492144654,83
cpflt_line_shape,-34.022671134,18.490483945,84
cpflt_line_shape,-34.026193084,18.488643019,85
cpflt_line_shape,-34.02844669,18.487494016,86
cpflt_line_shape,-34.029958184,18.486680974,87
cpflt_line_shape,-34.030922651,18.486079195,88
cpflt_line_shape,-34.031356765,18.485500209,89
cpflt_line_shape,-34.031907074,18.484291558,90
cpflt_line_shape,-34.032702936,18.482262345,91
cpflt_line_shape,-34.033247718,18.48103808,92
cpflt_line_shape,-34.034542895,18.477687107,93
cpflt_line_shape,-34.036552453,18.472872209,94
cpflt_line_shape,-34.03782688,18.469587477,95
cpflt_line_shape,-34.038632522,18.467864652,96
cpflt_line_shape,-34.039379013,18.467003736,97
cpflt_line_shape,-34.040220534,18.466577841,98
cpflt_line_shape,-34.041073054,18.466411982,99
cpflt_line_shape,-34.042514341,18.466414084,100
cpflt_line_shape,-34.043411803,18.466300536,101
cpflt_line_shape,-34.044626332,18.465982243,102
cpflt_line_shape,-34.045664147,18.465686163,103
cpflt_line_shape,-34.046849391,18.465377321,104
cpflt_line_shape,-34.04832964,18.464923568,105
cpflt_line_shape,-34.052130681,18.463954849,106
cpflt_line_shape,-34.054867233,18.463169483,107
cpflt_line_shape,-34.056213612,18.46288858,108
cpflt_line_shape,-34.056947908,18.462863493,109
cpflt_line_shape,-34.058229183,18.462926703,110
cpflt_line_shape,-34.058757546,18.463108861,111
cpflt_line_shape,-34.059955651,18.463200366,112
cpflt_line_shape,-34.060445664,18.463262458,113
cpflt_line_shape_back,-34.060445664,18.463262458,1
cpflt_line_shape_back,-34.059955651,18.463200366,2
cpflt_line_shape_back,-34.058757546,18.463108861,3
cpflt_line_shape_back,-34.058229183,18.462926703,4
cpflt_line_shape_back,-34.056947908,18.462863493,5
cpflt_line_shape_back,-34.056213612,18.46288858,6
cpflt_line_shape_back,-34.054867233,18.463169483,7
cpflt_line_shape_back,-34.052130681,18.463954849,8
cpflt_line_shape_back,-34.04832964,18.464923568,9
cpflt_line_shape_back,-34.046849391,18.465377321,10
cpflt_line_shape_back,-34.045664147,18.465686163,11
cpflt_line_shape_back,-34.044626332,18.465982243,12
cpflt_line_shape_back,-34.043411803,18.466300536,13
cpflt_line_shape_back,-34.042514341,18.466414084,14
cpflt_line_shape_back,-34.041073054,18.466411982,15
cpflt_line_shape_back,-34.040220534,18.466577841,16
cpflt_line_shape_back,-34.039379013,18.467003736,17
cpflt_line_shape_back,-34.038632522,18.467864652,18
cpflt_line_shape_back,-34.03782688,18.469587477,19
cpflt_line_shape_back,-34.036552453,18.472872209,20
cpflt_line_shape_back,-34.034542895,18.477687107,21
cpflt_line_shape_back,-34.033247718,18.48103808,22
cpflt_line_shape_back,-34.032702936,18.482262345,23
cpflt_line_shape_back,-34.031907074,18.484291558,24
cpflt_line_shape_back,-34.031356765,18.485500209,25
cpflt_line_shape_back,-34.030922651,18.486079195,26
cpflt_line_shape_back,-34.029958184,18.486680974,27
cpflt_line_shape_back,-34.02844669,18.487494016,28
cpflt_line_shape_back,-34.026193084,18.488643019,29
cpflt_line_shape_back,-34.022671134,18.490483945,30
cpflt_line_shape_back,-34.019382757,18.492144654,31
cpflt_line_shape_back,-34.016350942,18.49375587,32
cpflt_line_shape_back,-34.013501667,18.49521198,33
cpflt_line_shape_back,-34.012239694,18.495915734,34
cpflt_line_shape_back,-34.009937592,18.497128843,35
cpflt_line_shape_back,-34.007941105,18.498171853,36
cpflt_line_shape_back,-34.006210053,18.498979791,37
cpflt_line_shape_back,-34.003379988,18.500428105,38
cpflt_line_shape_back,-34.001764329,18.501284135,39
cpflt_line_shape_back,-34.000350089,18.501962437,40
cpflt_line_shape_back,-33.99980634,18.502204472,41
cpflt_line_shape_back,-33.998831118,18.502456027,42
cpflt_line_shape_back,-33.997864055,18.502637801,43
cpflt_line_shape_back,-33.995430322,18.503085782,44
cpflt_line_shape_back,-33.99321853,18.503469847,45
cpflt_line_shape_back,-33.990366668,18.50402467,46
cpflt_line_shape_back,-33.989023805,18.504182487,47
cpflt_line_shape_back,-33.988528622,18.504123777,48
cpflt_line_shape_back,-33.988075887,18.504065238,49
cpflt_line_shape_back,-33.98736654,18.503835717,50
cpflt_line_shape_back,-33.985860878,18.503308686,51
cpflt_line_shape_back,-33.980633408,18.501434371,52
cpflt_line_shape_back,-33.979617572,18.501287077,53
cpflt_line_shape_back,-33.977878464,18.501392331,54
cpflt_line_shape_back,-33.975933541,18.501373739,55
cpflt_line_shape_back,-33.973390725,18.501493919,56
cpflt_line_shape_back,-33.970604683,18.501544898,57
cpflt_line_shape_back,-33.967380699,18.501587945,58
cpflt_line_shape_back,-33.964998087,18.501644706,59
cpflt_line_shape_back,-33.963140313,18.501747537,60
cpflt_line_shape_back,-33.960978662,18.501801729,61
cpflt_line_shape_back,-33.958967942,18.50189239,62
cpflt_line_shape_back,-33.957584825,18.502278895,63
cpflt_line_shape_back,-33.955538893,18.502776998,64
cpflt_line_shape_back,-33.954082305,18.502780099,65
cpflt_line_shape_back,-33.953154667,18.502503845,66
cpflt_line_shape_back,-33.951943735,18.50163726,67
cpflt_line_shape_back,-33.951137133,18.500664941,68
cpflt_line_shape_back,-33.950059346,18.499007308,69
cpflt_line_shape_back,-33.946524667,18.493485705,70
cpflt_line_shape_back,-33.945654332,18.492393317,71
cpflt_line_shape_back,-33.944746091,18.491589283,72
cpflt_line_shape_back,-33.944433301,18.491420404,73
cpflt_line_shape_back,-33.942996685,18.491037998,74
cpflt_line_shape_back,-33.941770968,18.490903817,75
cpflt_line_shape_back,-33.939431392,18.490647531,76
cpflt_line_shape_back,-33.93782662,18.490569926,77
cpflt_line_shape_back,-33.936340198,18.490832984,78
cpflt_line_shape_back,-33.935521711,18.491057535,79
cpflt_line_shape_back,-33.934340781,18.491675298,80
cpflt_line_shape_back,-33.932162502,18.492981332,81
cpflt_line_shape_back,-33.93033594,18.494069949,82
cpflt_line_shape_back,-33.929283321,18.494690169,83
cpflt_line_shape_back,-33.928587318,18.495219467,84
cpflt_line_shape_back,-33.926546162,18.496311599,85
cpflt_line_shape_back,-33.925843547,18.496615651,86
cpflt_line_shape_back,-33.924822947,18.49641547,87
cpflt_line_shape_back,-33.924198277,18.495744722,88
cpflt_line_shape_back,-33.923983123,18.495109044,89
cpflt_line_shape_back,-33.923656434,18.493965072,90
cpflt_line_shape_back,-33.92374556,18.49207069,91
cpflt_line_shape_back,-33.924454332,18.489031623,92
cpflt_line_shape_back,-33.924822191,18.486686583,93
cpflt_line_shape_back,-33.924952671,18.48516724,94
cpflt_line_shape_back,-33.925581583,18.480081248,95
cpflt_line_shape_back,-33.925771912,18.478984304,96
cpflt_line_shape_back,-33.926145288,18.475921547,97
cpflt_line_shape_back,-33.926902856,18.469907448,98
cpflt_line_shape_back,-33.927254465,18.468355739,99
cpflt_line_shape_back,-33.927428568,18.467100556,100
cpflt_line_shape_back,-33.927339341,18.466000024,101
cpflt_line_shape_back,-33.92727063,18.464906959,102
cpflt_line_shape_back,-33.927009817,18.462050383,103
cpflt_line_shape_back,-33.926711503,18.458951291,104
cpflt_line_shape_back,-33.926174087,18.45460021,105
cpflt_line_shape_back,-33.925370137,18.447839725,106
cpflt_line_shape_back,-33.925424452,18.446193556,107
cpflt_line_shape_back,-33.925427743,18.443992155,108
cpflt_line_shape_back,-33.925631711,18.440648847,109
cpflt_line_shape_back,-33.925781218,18.436278238,110
cpflt_line_shape_back,-33.9251656,18.430565709,111
cpflt_line_shape_back,-33.924014936,18.427527491,112
cpflt_line_shape_back,-33.922932725,18.425826854,113
malm_line_shape,-33.922494611,18.426752514,1
malm_line_shape,-33.923899422,18.42907036,2
malm_line_shape,-33.924892944,18.431066976,3
malm_line_shape,-33.925327046,18.433967742,4
malm_line_shape,-33.925312744,18.438639088,5
malm_line_shape,-33.925123666,18.440367586,6
malm_line_shape,-33.924284964,18.443174921,7
malm_line_shape,-33.924004143,18.444688754,8
malm_line_shape,-33.923759883,18.446607657,9
malm_line_shape,-33.922766132,18.451341312,10
malm_line_shape,-33.922332381,18.453150707,11
malm_line_shape,-33.922091924,18.456046359,12
malm_line_shape,-33.9220399,18.458498283,13
malm_line_shape,-33.922272423,18.461243705,14
malm_line_shape,-33.922487518,18.464040697,15
malm_line_shape,-33.92242358,18.466244376,16
malm_line_shape,-33.921902184,18.469652012,17
malm_line_shape,-33.921093517,18.473454437,18
malm_line_shape,-33.919843543,18.476629779,19
malm_line_shape,-33.918874166,18.479356949,20
malm_line_shape,-33.917521148,18.4851867,21
malm_line_shape,-33.916127364,18.490960793,22
malm_line_shape,-33.915580403,18.493328452,23
malm_line_shape,-33.915167267,18.49459339,24
malm_line_shape,-33.914589758,18.495762271,25
malm_line_shape,-33.913911298,18.4967996,26
malm_line_shape,-33.909155085,18.501892023,27
malm_line_shape,-33.904431156,18.507151002,28
malm_line_shape,-33.902985625,18.508646905,29
malm_line_shape,-33.902367554,18.50966524,30
malm_line_shape,-33.901720434,18.510951125,31
malm_line_shape,-33.901248736,18.511843151,32
malm_line_shape,-33.899826419,18.514364384,33
malm_line_shape,-33.897512202,18.517046698,34
malm_line_shape,-33.896179703,18.518491515,35
malm_line_shape,-33.894993341,18.520724803,36
malm_line_shape,-33.894743893,18.522700584,37
malm_line_shape,-33.89497744,18.525276538,38
malm_line_shape,-33.89516867,18.526656657,39
malm_line_shape,-33.894662688,18.528631897,40
malm_line_shape,-33.89404637,18.533077487,41
malm_line_shape,-33.893097141,18.538349303,42
malm_line_shape,-33.891932539,18.544737239,43
malm_line_shape,-33.891455139,18.550575944,44
malm_line_shape,-33.891092193,18.554065315,45
malm_line_shape,-33.890096045,18.56079091,46
malm_line_shape,-33.889294938,18.565510462,47
malm_line_shape,-33.889280239,18.568464182,48
malm_line_shape,-33.889635242,18.570775086,49
malm_line_shape,-33.891233522,18.574052607,50
malm_line_shape,-33.893664777,18.579142744,51
malm_line_shape,-33.895467358,18.582883434,52
malm_line_shape,-33.896930986,18.586170397,53
malm_line_shape,-33.897570562,18.591176645,54
malm_line_shape,-33.898429066,18.598050516,55
malm_line_shape,-33.899055329,18.603336473,56
malm_line_shape,-33.899684555,18.605935216,57
malm_line_shape,-33.899997246,18.607210592,58
malm_line_shape,-33.901666304,18.609473747,59
malm_line_shape,-33.903466826,18.612088515,60
malm_line_shape,-33.904306973,18.614429651,61
malm_line_shape,-33.904593226,18.615552048,62
malm_line_shape,-33.904695384,18.61826777,63
malm_line_shape,-33.904917174,18.620634522,64
malm_line_shape,-33.905558189,18.624274538,65
malm_line_shape,-33.906217711,18.627691478,66
malm_line_shape,-33.906924803,18.63054645,67
malm_line_shape,-33.907065873,18.63136594,68
malm_line_shape,-33.907195968,18.63239315,69
malm_line_shape,-33.907432462,18.634426453,70
malm_line_shape,-33.907136242,18.638374,71
malm_line_shape,-33.906614217,18.645190972,72
malm_line_shape,-33.905832114,18.652540838,73
malm_line_shape,-33.905715999,18.654297314,74
malm_line_shape,-33.904862608,18.656562862,75
malm_line_shape,-33.903228781,18.658854674,76
malm_line_shape,-33.898060138,18.665733314,77
malm_line_shape,-33.890546857,18.675726244,78
malm_line_shape,-33.884934246,18.683142761,79
malm_line_shape,-33.880050779,18.689855604,80
malm_line_shape,-33.878660445,18.691932473,81
malm_line_shape,-33.877735826,18.692621734,82
malm_line_shape,-33.876223008,18.693724109,83
malm_line_shape,-33.866552092,18.701015892,84
malm_line_shape,-33.864637871,18.70291854,85
malm_line_shape,-33.862952536,18.704340518,86
malm_line_shape,-33.860242276,18.707335266,87
malm_line_shape,-33.854755062,18.714089307,88
malm_line_shape,-33.848051408,18.722846344,89
malm_line_shape,-33.844178874,18.727082975,90
malm_line_shape,-33.841491505,18.727342572,91
malm_line_shape,-33.824361071,18.721933448,92
malm_line_shape,-33.804651469,18.710473258,93
malm_line_shape,-33.802140076,18.709600786,94
malm_line_shape,-33.795576126,18.710264227,95
malm_line_shape,-33.784632393,18.711434317,96
malm_line_shape,-33.778559086,18.71349649,97
malm_line_shape,-33.767765464,18.716198654,98
malm_line_shape,-33.758982445,18.718583565,99
malm_line_shape,-33.756834965,18.718855228,100
malm_line_shape,-33.750563103,18.715648871,101
malm_line_shape,-33.746304953,18.713657977,102
malm_line_shape,-33.743472036,18.712597216,103
malm_line_shape,-33.725621435,18.708137382,104
malm_line_shape,-33.714449292,18.70580335,105
malm_line_shape,-33.707640192,18.706684468,106
malm_line_shape,-33.704039481,18.704455109,107
malm_line_shape,-33.70041244,18.701271882,108
malm_line_shape,-33.697399383,18.699292788,109
malm_line_shape,-33.688903147,18.696362661,110
malm_line_shape,-33.680220917,18.69295157,111
malm_line_shape,-33.673109923,18.691112726,112
malm_line_shape,-33.667746622,18.690342363,113
malm_line_shape,-33.664920951,18.690242909,114
malm_line_shape,-33.662662418,18.690464615,115
malm_line_shape,-33.660464089,18.690416911,116
malm_line_shape,-33.657537613,18.687931938,117
malm_line_shape,-33.647577322,18.679919943,118
malm_line_shape,-33.644617083,18.678017608,119
malm_line_shape,-33.639991188,18.675730374,120
malm_line_shape,-33.635272579,18.672751133,121
malm_line_shape,-33.631389135,18.670816423,122
malm_line_shape,-33.627337236,18.668808616,123
malm_line_shape,-33.624121579,18.666989492,124
malm_line_shape,-33.620600451,18.663656619,125
malm_line_shape,-33.618603282,18.662637739,126
malm_line_shape,-33.614850126,18.662675922,127
malm_line_shape,-33.608429076,18.662182585,128
malm_line_shape,-33.605661071,18.663760508,129
malm_line_shape,-33.602204792,18.665359619,130
malm_line_shape,-33.598969563,18.665822441,131
malm_line_shape,-33.59541719,18.663857449,132
malm_line_shape,-33.589866821,18.659668148,133
malm_line_shape,-33.577866719,18.649158636,134
malm_line_shape,-33.571706328,18.647430623,135
malm_line_shape,-33.5691619,18.646720507,136
malm_line_shape,-33.564299007,18.648076441,137
malm_line_shape,-33.560324845,18.649134735,138
malm_line_shape,-33.556361414,18.652807351,139
malm_line_shape,-33.546042443,18.661779186,140
malm_line_shape,-33.540196447,18.666028836,141
malm_line_shape,-33.533784937,18.670018362,142
malm_line_shape,-33.527901206,18.673779664,143
malm_line_shape,-33.523071006,18.676247182,144
malm_line_shape,-33.519899193,18.676220023,145
malm_line_shape,-33.51592553,18.677294437,146
malm_line_shape,-33.513177329,18.67914485,147
malm_line_shape,-33.510365001,18.680573585,148
malm_line_shape,-33.507704931,18.680457441,149
malm_line_shape,-33.504759959,18.678667789,150
malm_line_shape,-33.500336428,18.678538401,151
malm_line_shape,-33.492783603,18.68160932,152
malm_line_shape,-33.488917533,18.685194599,153
malm_line_shape,-33.486551392,18.688084767,154
malm_line_shape,-33.484122949,18.692290261,155
malm_line_shape,-33.481093507,18.697064843,156
malm_line_shape,-33.479535612,18.700554876,157
malm_line_shape,-33.479015115,18.703591989,158
malm_line_shape,-33.478970347,18.707269665,159
malm_line_shape,-33.477289856,18.710545396,160
malm_line_shape,-33.475718853,18.7118511,161
malm_line_shape,-33.473085008,18.714421369,162
malm_line_shape,-33.470282376,18.717222271,163
malm_line_shape,-33.468978309,18.718998469,164
malm_line_shape,-33.46780499,18.723206077,165
malm_line_shape_back,-33.46780499,18.723206077,1
malm_line_shape_back,-33.468978309,18.718998469,2
malm_line_shape_back,-33.470282376,18.717222271,3
malm_line_shape_back,-33.473085008,18.714421369,4
malm_line_shape_back,-33.475718853,18.7118511,5
malm_line_shape_back,-33.477289856,18.710545396,6
malm_line_shape_back,-33.478970347,18.707269665,7
malm_line_shape_back,-33.479015115,18.703591989,8
malm_line_shape_back,-33.479535612,18.700554876,9
malm_line_shape_back,-33.481093507,18.697064843,10
malm_line_shape_back,-33.484122949,18.692290261,11
malm_line_shape_back,-33.486551392,18.688084767,12
malm_line_shape_back,-33.488917533,18.685194599,13
malm_line_shape_back,-33.492783603,18.68160932,14
malm_line_shape_back,-33.500336428,18.678538401,15
malm_line_shape_back,-33.504759959,18.678667789,16
malm_line_shape_back,-33.507704931,18.680457441,17
malm_line_shape_back,-33.510365001,18.680573585,18
malm_line_shape_back,-33.513177329,18.67914485,19
malm_line_shape_back,-33.51592553,18.677294437,20
malm_line_shape_back,-33.519899193,18.676220023,21
malm_line_shape_back,-33.523071006,18.676247182,22
malm_line_shape_back,-33.527901206,18.673779664,23
malm_line_shape_back,-33.533784937,18.670018362,24
malm_line_shape_back,-33.540196447,18.666028836,25
malm_line_shape_back,-33.546042443,18.661779186,26
malm_line_shape_back,-33.556361414,18.652807351,27
malm_line_shape_back,-33.560324845,18.649134735,28
malm_line_shape_back,-33.564299007,18.648076441,29
malm_line_shape_back,-33.5691619,18.646720507,30
malm_line_shape_back,-33.571706328,18.647430623,31
malm_line_shape_back,-33.577866719,18.649158636,32
malm_line_shape_back,-33.589866821,18.659668148,33
malm_line_shape_back,-33.59541719,18.663857449,34
malm_line_shape_back,-33.598969563,18.665822441,35
malm_line_shape_back,-33.602204792,18.665359619,36
malm_line_shape_back,-33.605661071,18.663760508,37
malm_line_shape_back,-33.608429076,18.662182585,38
malm_line_shape_back,-33.614850126,18.662675922,39
malm_line_shape_back,-33.618603282,18.662637739,40
malm_line_shape_back,-33.620600451,18.663656619,41
malm_line_shape_back,-33.624121579,18.666989492,42
malm_line_shape_back,-33.627337236,18.668808616,43
malm_line_shape_back,-33.631389135,18.670816423,44
malm_line_shape_back,-33.635272579,18.672751133,45
malm_line_shape_back,-33.639991188,18.675730374,46
malm_line_shape_back,-33.644617083,18.678017608,47
malm_line_shape_back,-33.647577322,18.679919943,48
malm_line_shape_back,-33.657537613,18.687931938,49
malm_line_shape_back,-33.660464089,18.690416911,50
malm_line_shape_back,-33.662662418,18.690464615,51
malm_line_shape_back,-33.664920951,18.690242909,52
malm_line_shape_back,-33.667746622,18.690342363,53
malm_line_shape_back,-33.673109923,18.691112726,54
malm_line_shape_back,-33.680220917,18.69295157,55
malm_line_shape_back,-33.688903147,18.696362661,56
malm_line_shape_back,-33.697399383,18.699292788,57
malm_line_shape_back,-33.70041244,18.701271882,58
malm_line_shape_back,-33.704039481,18.704455109,59
malm_line_shape_back,-33.707640192,18.706684468,60
malm_line_shape_back,-33.714449292,18.70580335,61
malm_line_shape_back,-33.725621435,18.708137382,62
malm_line_shape_back,-33.743472036,18.712597216,63
malm_line_shape_back,-33.746304953,18.713657977,64
malm_line_shape_back,-33.750563103,18.715648871,65
malm_line_shape_back,-33.756834965,18.718855228,66
malm_line_shape_back,-33.758982445,18.718583565,67
malm_line_shape_back,-33.767765464,18.716198654,68
malm_line_shape_back,-33.778559086,18.71349649,69
malm_line_shape_back,-33.784632393,18.711434317,70
malm_line_shape_back,-33.795576126,18.710264227,71
malm_line_shape_back,-33.802140076,18.709600786,72
malm_line_shape_back,-33.804651469,18.710473258,73
malm_line_shape_back,-33.824361071,18.721933448,74
malm_line_shape_back,-33.841491505,18.727342572,75
malm_line_shape_back,-33.844178874,18.727082975,76
malm_line_shape_back,-33.848051408,18.722846344,77
malm_line_shape_back,-33.854755062,18.714089307,78
malm_line_shape_back,-33.860242276,18.707335266,79
malm_line_shape_back,-33.862952536,18.704340518,80
malm_line_shape_back,-33.864637871,18.70291854,81
malm_line_shape_back,-33.866552092,18.701015892,82
malm_line_shape_back,-33.876223008,18.693724109,83
malm_line_shape_back,-33.877735826,18.692621734,84
malm_line_shape_back,-33.878660445,18.691932473,85
malm_line_shape_back,-33.880050779,18.689855604,86
malm_line_shape_back,-33.884934246,18.683142761,87
malm_line_shape_back,-33.890546857,18.675726244,88
malm_line_shape_back,-33.898060138,18.665733314,89
malm_line_shape_back,-33.903228781,18.658854674,90
malm_line_shape_back,-33.904862608,18.656562862,91
malm_line_shape_back,-33.905715999,18.654297314,92
malm_line_shape_back,-33.905832114,18.652540838,93
malm_line_shape_back,-33.906614217,18.645190972,94
malm_line_shape_back,-33.907136242,18.638374,95
malm_line_shape_back,-33.907432462,18.634426453,96
malm_line_shape_back,-33.907195968,18.63239315,97
malm_line_shape_back,-33.907065873,18.63136594,98
malm_line_shape_back,-33.906924803,18.63054645,99
malm_line_shape_back,-33.906217711,18.627691478,100
malm_line_shape_back,-33.905558189,18.624274538,101
malm_line_shape_back,-33.904917174,18.620634522,102
malm_line_shape_back,-33.904695384,18.61826777,103
malm_line_shape_back,-33.904593226,18.615552048,104
malm_line_shape_back,-33.904306973,18.614429651,105
malm_line_shape_back,-33.903466826,18.612088515,106
malm_line_shape_back,-33.901666304,18.609473747,107
malm_line_shape_back,-33.899997246,18.607210592,108
malm_line_shape_back,-33.899684555,18.605935216,109
malm_line_shape_back,-33.899055329,18.603336473,110
malm_line_shape_back,-33.898429066,18.598050516,111
malm_line_shape_back,-33.897570562,18.591176645,112
malm_line_shape_back,-33.896930986,18.586170397,113
malm_line_shape_back,-33.895467358,18.582883434,114
malm_line_shape_back,-33.893664777,18.579142744,115
malm_line_shape_back,-33.891233522,18.574052607,116
malm_line_shape_back,-33.889635242,18.570775086,117
malm_line_shape_back,-33.889280239,18.568464182,118
malm_line_shape_back,-33.889294938,18.565510462,119
malm_line_shape_back,-33.890096045,18.56079091,120
malm_line_shape_back,-33.891092193,18.554065315,121
malm_line_shape_back,-33.891455139,18.550575944,122
malm_line_shape_back,-33.891932539,18.544737239,123
malm_line_shape_back,-33.893097141,18.538349303,124
malm_line_shape_back,-33.89404637,18.533077487,125
malm_line_shape_back,-33.894662688,18.528631897,126
malm_line_shape_back,-33.89516867,18.526656657,127
malm_line_shape_back,-33.89497744,18.525276538,128
malm_line_shape_back,-33.894743893,18.522700584,129
malm_line_shape_back,-33.894993341,18.520724803,130
malm_line_shape_back,-33.896179703,18.518491515,131
malm_line_shape_back,-33.897512202,18.517046698,132
malm_line_shape_back,-33.899826419,18.514364384,133
malm_line_shape_back,-33.901248736,18.511843151,134
malm_line_shape_back,-33.901720434,18.510951125,135
malm_line_shape_back,-33.902367554,18.50966524,136
malm_line_shape_back,-33.902985625,18.508646905,137
malm_line_shape_back,-33.904431156,18.507151002,138
malm_line_shape_back,-33.909155085,18.501892023,139
malm_line_shape_back,-33.913911298,18.4967996,140
malm_line_shape_back,-33.914589758,18.495762271,141
malm_line_shape_back,-33.915167267,18.49459339,142
malm_line_shape_back,-33.915580403,18.493328452,143
malm_line_shape_back,-33.916127364,18.490960793,144
malm_line_shape_back,-33.917521148,18.4851867,145
malm_line_shape_back,-33.918874166,18.479356949,146
malm_line_shape_back,-33.919843543,18.476629779,147
malm_line_shape_back,-33.921093517,18.473454437,148
malm_line_shape_back,-33.921902184,18.469652012,149
malm_line_shape_back,-33.92242358,18.466244376,150
malm_line_shape_back,-33.922487518,18.464040697,151
malm_line_shape_back,-33.922272423,18.461243705,152
malm_line_shape_back,-33.9220399,18.458498283,153
malm_line_shape_back,-33.922091924,18.456046359,154
malm_line_shape_back,-33.922332381,18.453150707,155
malm_line_shape_back,-33.922766132,18.451341312,156
malm_line_shape_back,-33.923759883,18.446607657,157
malm_line_shape_back,-33.924004143,18.444688754,158
malm_line_shape_back,-33.924284964,18.443174921,159
malm_line_shape_back,-33.925123666,18.440367586,160
malm_line_shape_back,-33.925312744,18.438639088,161
malm_line_shape_back,-33.925327046,18.433967742,162
malm_line_shape_back,-33.924892944,18.431066976,163
malm_line_shape_back,-33.923899422,18.42907036,164
malm_line_shape_back,-33.922494611,18.426752514,165
90_cntrl_line_shape,-33.922214524,18.511981092,1
90_cntrl_line_shape,-33.921876648,18.514416065,2
90_cntrl_line_shape,-33.922111086,18.515749181,3
90_cntrl_line_shape,-33.922448029,18.516628807,4
90_cntrl_line_shape,-33.923329714,18.517542185,5
90_cntrl_line_shape,-33.925249193,18.51918713,6
90_cntrl_line_shape,-33.92648214,18.520174305,7
90_cntrl_line_shape,-33.928796691,18.521768794,8
90_cntrl_line_shape,-33.929334537,18.522099533,9
90_cntrl_line_shape,-33.930757972,18.52275307,10
90_cntrl_line_shape,-33.93179517,18.522953157,11
90_cntrl_line_shape,-33.932987378,18.52295673,12
90_cntrl_line_shape,-33.934228872,18.522862283,13
90_cntrl_line_shape,-33.934817444,18.523003542,14
90_cntrl_line_shape,-33.935453071,18.523218943,15
90_cntrl_line_shape,-33.936027384,18.52355514,16
90_cntrl_line_shape,-33.936842577,18.524304833,17
90_cntrl_line_shape,-33.937417899,18.525455928,18
90_cntrl_line_shape,-33.938011252,18.527199191,19
90_cntrl_line_shape,-33.938641037,18.529207359,20
90_cntrl_line_shape,-33.938973466,18.530132944,21
90_cntrl_line_shape,-33.939982006,18.533517796,22
90_cntrl_line_shape,-33.941038528,18.539010624,23
90_cntrl_line_shape,-33.941422991,18.541786267,24
90_cntrl_line_shape,-33.941787309,18.547137526,25
90_cntrl_line_shape,-33.941836902,18.549104165,26
90_cntrl_line_shape,-33.94186994,18.550211496,27
90_cntrl_line_shape,-33.942194354,18.554057459,28
90_cntrl_line_shape,-33.942679834,18.558800385,29
90_cntrl_line_shape,-33.94304918,18.560321676,30
90_cntrl_line_shape,-33.943204892,18.561614767,31
90_cntrl_line_shape,-33.943187376,18.562621778,32
90_cntrl_line_shape,-33.943049453,18.563698709,33
90_cntrl_line_shape,-33.943157285,18.565710844,34
90_cntrl_line_shape,-33.943247381,18.568475405,35
90_cntrl_line_shape,-33.943060531,18.570771583,36
90_cntrl_line_shape,-33.942960098,18.573636097,37
90_cntrl_line_shape,-33.942893915,18.576998102,38
90_cntrl_line_shape,-33.942997926,18.580946422,39
90_cntrl_line_shape,-33.943440482,18.584255221,40
90_cntrl_line_shape,-33.943799906,18.586894312,41
90_cntrl_line_shape,-33.943908456,18.588705331,42
90_cntrl_line_shape,-33.942781811,18.594155405,43
90_cntrl_line_shape,-33.941325354,18.600169473,44
90_cntrl_line_shape,-33.940656083,18.603414983,45
90_cntrl_line_shape,-33.939860803,18.607037719,46
90_cntrl_line_shape,-33.939527658,18.609389233,47
90_cntrl_line_shape,-33.93887015,18.61454945,48
90_cntrl_line_shape,-33.938119423,18.619978959,49
90_cntrl_line_shape,-33.937064159,18.628687262,50
90_cntrl_line_shape,-33.935957338,18.637196067,51
90_cntrl_line_shape,-33.934890198,18.646168074,52
90_cntrl_line_shape,-33.934038433,18.652516904,53
90_cntrl_line_shape,-33.933451709,18.656520203,54
90_cntrl_line_shape,-33.932873372,18.658124937,55
90_cntrl_line_shape,-33.932053663,18.659408648,56
90_cntrl_line_shape,-33.931234293,18.660287826,57
90_cntrl_line_shape,-33.930245183,18.660874008,58
90_cntrl_line_shape,-33.929011814,18.661258246,59
90_cntrl_line_shape,-33.926021047,18.661245935,60
90_cntrl_line_shape,-33.922922812,18.661018325,61
90_cntrl_line_shape,-33.919029274,18.660885668,62
90_cntrl_line_shape,-33.917107572,18.660772263,63
90_cntrl_line_shape,-33.915808338,18.660390893,64
90_cntrl_line_shape,-33.915033508,18.659665835,65
90_cntrl_line_shape,-33.91399696,18.657806138,66
90_cntrl_line_shape,-33.912907822,18.654052463,67
90_cntrl_line_shape,-33.911455586,18.648559667,68
90_cntrl_line_shape,-33.910548982,18.645062289,69
90_cntrl_line_shape,-33.908572055,18.63774733,70
90_cntrl_line_shape,-33.907773064,18.634896831,71
90_cntrl_line_shape,-33.907309255,18.632371828,72
90_cntrl_line_shape,-33.90708836,18.628217203,73
90_cntrl_line_shape,-33.906877142,18.62653329,74
90_cntrl_line_shape_back,-33.906877142,18.62653329,1
90_cntrl_line_shape_back,-33.90708836,18.628217203,2
90_cntrl_line_shape_back,-33.907309255,18.632371828,3
90_cntrl_line_shape_back,-33.907773064,18.634896831,4
90_cntrl_line_shape_back,-33.908572055,18.63774733,5
90_cntrl_line_shape_back,-33.910548982,18.645062289,6
90_cntrl_line_shape_back,-33.911455586,18.648559667,7
90_cntrl_line_shape_back,-33.912907822,18.654052463,8
90_cntrl_line_shape_back,-33.91399696,18.657806138,9
90_cntrl_line_shape_back,-33.915033508,18.659665835,10
90_cntrl_line_shape_back,-33.915808338,18.660390893,11
90_cntrl_line_shape_back,-33.917107572,18.660772263,12
90_cntrl_line_shape_back,-33.919029274,18.660885668,13
90_cntrl_line_shape_back,-33.922922812,18.661018325,14
90_cntrl_line_shape_back,-33.926021047,18.661245935,15
90_cntrl_line_shape_back,-33.929011814,18.661258246,16
90_cntrl_line_shape_back,-33.930245183,18.660874008,17
90_cntrl_line_shape_back,-33.931234293,18.660287826,18
90_cntrl_line_shape_back,-33.932053663,18.659408648,19
90_cntrl_line_shape_back,-33.932873372,18.658124937,20
90_cntrl_line_shape_back,-33.933451709,18.656520203,21
90_cntrl_line_shape_back,-33.934038433,18.652516904,22
90_cntrl_line_shape_back,-33.934890198,18.646168074,23
90_cntrl_line_shape_back,-33.935957338,18.637196067,24
90_cntrl_line_shape_back,-33.937064159,18.628687262,25
90_cntrl_line_shape_back,-33.938119423,18.619978959,26
90_cntrl_line_shape_back,-33.93887015,18.61454945,27
90_cntrl_line_shape_back,-33.939527658,18.609389233,28
90_cntrl_line_shape_back,-33.939860803,18.607037719,29
90_cntrl_line_shape_back,-33.940656083,18.603414983,30
90_cntrl_line_shape_back,-33.941325354,18.600169473,31
90_cntrl_line_shape_back,-33.942781811,18.594155405,32
90_cntrl_line_shape_back,-33.943908456,18.588705331,33
90_cntrl_line_shape_back,-33.943799906,18.586894312,34
90_cntrl_line_shape_back,-33.943440482,18.584255221,35
90_cntrl_line_shape_back,-33.942997926,18.580946422,36
90_cntrl_line_shape_back,-33.942893915,18.576998102,37
90_cntrl_line_shape_back,-33.942960098,18.573636097,38
90_cntrl_line_shape_back,-33.943060531,18.570771583,39
90_cntrl_line_shape_back,-33.943247381,18.568475405,40
90_cntrl_line_shape_back,-33.943157285,18.565710844,41
90_cntrl_line_shape_back,-33.943049453,18.563698709,42
90_cntrl_line_shape_back,-33.943187376,18.562621778,43
90_cntrl_line_shape_back,-33.943204892,18.561614767,44
90_cntrl_line_shape_back,-33.94304918,18.560321676,45
90_cntrl_line_shape_back,-33.942679834,18.558800385,46
90_cntrl_line_shape_back,-33.942194354,18.554057459,47
90_cntrl_line_shape_back,-33.94186994,18.550211496,48
90_cntrl_line_shape_back,-33.941836902,18.549104165,49
90_cntrl_line_shape_back,-33.941787309,18.547137526,50
90_cntrl_line_shape_back,-33.941422991,18.541786267,51
90_cntrl_line_shape_back,-33.941038528,18.539010624,52
90_cntrl_line_shape_back,-33.939982006,18.533517796,53
90_cntrl_line_shape_back,-33.938973466,18.530132944,54
90_cntrl_line_shape_back,-33.938641037,18.529207359,55
90_cntrl_line_shape_back,-33.938011252,18.527199191,56
90_cntrl_line_shape_back,-33.937417899,18.525455928,57
90_cntrl_line_shape_back,-33.936842577,18.524304833,58
90_cntrl_line_shape_back,-33.936027384,18.52355514,59
90_cntrl_line_shape_back,-33.935453071,18.523218943,60
90_cntrl_line_shape_back,-33.934817444,18.523003542,61
90_cntrl_line_shape_back,-33.934228872,18.522862283,62
90_cntrl_line_shape_back,-33.932987378,18.52295673,63
90_cntrl_line_shape_back,-33.93179517,18.522953157,64
90_cntrl_line_shape_back,-33.930757972,18.52275307,65
90_cntrl_line_shape_back,-33.929334537,18.522099533,66
90_cntrl_line_shape_back,-33.928796691,18.521768794,67
90_cntrl_line_shape_back,-33.92648214,18.520174305,68
90_cntrl_line_shape_back,-33.925249193,18.51918713,69
90_cntrl_line_shape_back,-33.923329714,18.517542185,70
90_cntrl_line_shape_back,-33.922448029,18.516628807,71
90_cntrl_line_shape_back,-33.922111086,18.515749181,72
90_cntrl_line_shape_back,-33.921876648,18.514416065,73
90_cntrl_line_shape_back,-33.922214524,18.511981092,74
28_nthrn_line_shape,-33.922260879,18.42696683,1
28_nthrn_line_shape,-33.924060871,18.429679222,2
28_nthrn_line_shape,-33.924763377,18.431133052,3
28_nthrn_line_shape,-33.925186068,18.433134184,4
28_nthrn_line_shape,-33.92537261,18.436052939,5
28_nthrn_line_shape,-33.925302444,18.438636567,6
28_nthrn_line_shape,-33.92510673,18.440183615,7
28_nthrn_line_shape,-33.92459961,18.441952841,8
28_nthrn_line_shape,-33.924115508,18.443501796,9
28_nthrn_line_shape,-33.923927835,18.444437809,10
28_nthrn_line_shape,-33.923701266,18.44597156,11
28_nthrn_line_shape,-33.923518911,18.447600517,12
28_nthrn_line_shape,-33.923284413,18.449278339,13
28_nthrn_line_shape,-33.922965026,18.450711572,14
28_nthrn_line_shape,-33.922752928,18.451618341,15
28_nthrn_line_shape,-33.922323381,18.453443107,16
28_nthrn_line_shape,-33.922166749,18.455059517,17
28_nthrn_line_shape,-33.922090116,18.456728429,18
28_nthrn_line_shape,-33.922082204,18.458629692,19
28_nthrn_line_shape,-33.922034332,18.459027803,20
28_nthrn_line_shape,-33.922031156,18.459833001,21
28_nthrn_line_shape,-33.922511025,18.464056298,22
28_nthrn_line_shape,-33.92239703,18.46622605,23
28_nthrn_line_shape,-33.922261665,18.467515304,24
28_nthrn_line_shape,-33.922145746,18.468426304,25
28_nthrn_line_shape,-33.921887428,18.469960212,26
28_nthrn_line_shape,-33.921554638,18.471381273,27
28_nthrn_line_shape,-33.921088785,18.473583495,28
28_nthrn_line_shape,-33.920716357,18.474597763,29
28_nthrn_line_shape,-33.920195973,18.475901834,30
28_nthrn_line_shape,-33.919341531,18.477972407,31
28_nthrn_line_shape,-33.918795821,18.479572199,32
28_nthrn_line_shape,-33.918317838,18.481775262,33
28_nthrn_line_shape,-33.917618383,18.484605091,34
28_nthrn_line_shape,-33.917120497,18.486637078,35
28_nthrn_line_shape,-33.916570993,18.489107838,36
28_nthrn_line_shape,-33.915895719,18.491992822,37
28_nthrn_line_shape,-33.915895725,18.49200013,38
28_nthrn_line_shape,-33.915527234,18.493417726,39
28_nthrn_line_shape,-33.915179197,18.49492525,40
28_nthrn_line_shape,-33.914638472,18.495868031,41
28_nthrn_line_shape,-33.913602129,18.497140397,42
28_nthrn_line_shape,-33.912403165,18.498429508,43
28_nthrn_line_shape,-33.910913322,18.499998721,44
28_nthrn_line_shape,-33.908585414,18.502424643,45
28_nthrn_line_shape,-33.904666337,18.506799254,46
28_nthrn_line_shape,-33.903214913,18.508338475,47
28_nthrn_line_shape,-33.902768226,18.508911833,48
28_nthrn_line_shape,-33.901710402,18.510840835,49
28_nthrn_line_shape,-33.901307941,18.511682984,50
28_nthrn_line_shape,-33.900322165,18.513270126,51
28_nthrn_line_shape,-33.899566756,18.514481959,52
28_nthrn_line_shape,-33.898635623,18.51575508,53
28_nthrn_line_shape,-33.89697224,18.517343987,54
28_nthrn_line_shape,-33.896224971,18.518379331,55
28_nthrn_line_shape,-33.89622491,18.518385504,56
28_nthrn_line_shape,-33.895627161,18.51914749,57
28_nthrn_line_shape,-33.895150372,18.520271372,58
28_nthrn_line_shape,-33.894815579,18.521327439,59
28_nthrn_line_shape,-33.894690327,18.522711737,60
28_nthrn_line_shape,-33.89464205,18.523574742,61
28_nthrn_line_shape,-33.894854738,18.524753899,62
28_nthrn_line_shape,-33.894944318,18.526115077,63
28_nthrn_line_shape,-33.894936826,18.527544936,64
28_nthrn_line_shape,-33.894938942,18.527427866,65
28_nthrn_line_shape,-33.894689747,18.528834062,66
28_nthrn_line_shape,-33.894448776,18.530320458,67
28_nthrn_line_shape,-33.894046156,18.532969236,68
28_nthrn_line_shape,-33.893429838,18.536413998,69
28_nthrn_line_shape,-33.892981374,18.538799802,70
28_nthrn_line_shape,-33.89246194,18.542177521,71
28_nthrn_line_shape,-33.892143538,18.543825301,72
28_nthrn_line_shape,-33.892019983,18.545123117,73
28_nthrn_line_shape,-33.891855678,18.54637037,74
28_nthrn_line_shape,-33.891666247,18.549010936,75
28_nthrn_line_shape,-33.891478347,18.550526895,76
28_nthrn_line_shape,-33.891228521,18.553245843,77
28_nthrn_line_shape,-33.891005804,18.554923939,78
28_nthrn_line_shape,-33.89062017,18.55723569,79
28_nthrn_line_shape,-33.890620374,18.557249918,80
28_nthrn_line_shape,-33.890110812,18.560238622,81
28_nthrn_line_shape,-33.889648086,18.562969573,82
28_nthrn_line_shape,-33.889448497,18.564491313,83
28_nthrn_line_shape,-33.889190373,18.566030364,84
28_nthrn_line_shape,-33.889186414,18.566768096,85
28_nthrn_line_shape,-33.889227482,18.567965734,86
28_nthrn_line_shape,-33.88922768,18.567980349,87
28_nthrn_line_shape,-33.889478115,18.56982967,88
28_nthrn_line_shape,-33.890135858,18.571638627,89
28_nthrn_line_shape,-33.890536617,18.572638994,90
28_nthrn_line_shape,-33.891425974,18.57443394,91
28_nthrn_line_shape,-33.893445662,18.578776828,92
28_nthrn_line_shape,-33.893759613,18.579401906,93
28_nthrn_line_shape,-33.895655946,18.583404549,94
28_nthrn_line_shape,-33.896474917,18.585263606,95
28_nthrn_line_shape,-33.896951903,18.586396747,96
28_nthrn_line_shape,-33.89720221,18.588504904,97
28_nthrn_line_shape,-33.897564233,18.591364113,98
28_nthrn_line_shape,-33.897712635,18.592853414,99
28_nthrn_line_shape,-33.898069689,18.595408126,100
28_nthrn_line_shape,-33.898291076,18.597988377,101
28_nthrn_line_shape,-33.898726047,18.601164489,102
28_nthrn_line_shape,-33.898852043,18.602535194,103
28_nthrn_line_shape,-33.899089316,18.603996106,104
28_nthrn_line_shape,-33.899439401,18.605268652,105
28_nthrn_line_shape,-33.899736155,18.606550954,106
28_nthrn_line_shape,-33.900404526,18.607778435,107
28_nthrn_line_shape,-33.901528304,18.609294068,108
28_nthrn_line_shape,-33.902499251,18.610648609,109
28_nthrn_line_shape,-33.903518187,18.612249508,110
28_nthrn_line_shape,-33.90412788,18.613714586,111
28_nthrn_line_shape,-33.904561855,18.615406108,112
28_nthrn_line_shape,-33.904679926,18.618236775,113
28_nthrn_line_shape,-33.904991404,18.621038167,114
28_nthrn_line_shape,-33.905619436,18.624742314,115
28_nthrn_line_shape,-33.906120031,18.62694247,116
28_nthrn_line_shape,-33.906343282,18.627539854,117
28_nthrn_line_shape_back,-33.906343282,18.627539854,1
28_nthrn_line_shape_back,-33.906120031,18.62694247,2
28_nthrn_line_shape_back,-33.905619436,18.624742314,3
28_nthrn_line_shape_back,-33.904991404,18.621038167,4
28_nthrn_line_shape_back,-33.904679926,18.618236775,5
28_nthrn_line_shape_back,-33.904561855,18.615406108,6
28_nthrn_line_shape_back,-33.90412788,18.613714586,7
28_nthrn_line_shape_back,-33.903518187,18.612249508,8
28_nthrn_line_shape_back,-33.902499251,18.610648609,9
28_nthrn_line_shape_back,-33.901528304,18.609294068,10
28_nthrn_line_shape_back,-33.900404526,18.607778435,11
28_nthrn_line_shape_back,-33.899736155,18.606550954,12
28_nthrn_line_shape_back,-33.899439401,18.605268652,13
28_nthrn_line_shape_back,-33.899089316,18.603996106,14
28_nthrn_line_shape_back,-33.898852043,18.602535194,15
28_nthrn_line_shape_back,-33.898726047,18.601164489,16
28_nthrn_line_shape_back,-33.898291076,18.597988377,17
28_nthrn_line_shape_back,-33.898069689,18.595408126,18
28_nthrn_line_shape_back,-33.897712635,18.592853414,19
28_nthrn_line_shape_back,-33.897564233,18.591364113,20
28_nthrn_line_shape_back,-33.89720221,18.588504904,21
28_nthrn_line_shape_back,-33.896951903,18.586396747,22
28_nthrn_line_shape_back,-33.896474917,18.585263606,23
28_nthrn_line_shape_back,-33.895655946,18.583404549,24
28_nthrn_line_shape_back,-33.893759613,18.579401906,25
28_nthrn_line_shape_back,-33.893445662,18.578776828,26
28_nthrn_line_shape_back,-33.891425974,18.57443394,27
28_nthrn_line_shape_back,-33.890536617,18.572638994,28
28_nthrn_line_shape_back,-33.890135858,18.571638627,29
28_nthrn_line_shape_back,-33.889478115,18.56982967,30
28_nthrn_line_shape_back,-33.88922768,18.567980349,31
28_nthrn_line_shape_back,-33.889227482,18.567965734,32
28_nthrn_line_shape_back,-33.889186414,18.566768096,33
28_nthrn_line_shape_back,-33.889190373,18.566030364,34
28_nthrn_line_shape_back,-33.889448497,18.564491313,35
28_nthrn_line_shape_back,-33.889648086,18.562969573,36
28_nthrn_line_shape_back,-33.890110812,18.560238622,37
28_nthrn_line_shape_back,-33.890620374,18.557249918,38
28_nthrn_line_shape_back,-33.89062017,18.55723569,39
28_nthrn_line_shape_back,-33.891005804,18.554923939,40
28_nthrn_line_shape_back,-33.891228521,18.553245843,41
28_nthrn_line_shape_back,-33.891478347,18.550526895,42
28_nthrn_line_shape_back,-33.891666247,18.549010936,43
28_nthrn_line_shape_back,-33.891855678,18.54637037,44
28_nthrn_line_shape_back,-33.892019983,18.545123117,45
28_nthrn_line_shape_back,-33.892143538,18.543825301,46
28_nthrn_line_shape_back,-33.89246194,18.542177521,47
28_nthrn_line_shape_back,-33.892981374,18.538799802,48
28_nthrn_line_shape_back,-33.893429838,18.536413998,49
28_nthrn_line_shape_back,-33.894046156,18.532969236,50
28_nthrn_line_shape_back,-33.894448776,18.530320458,51
28_nthrn_line_shape_back,-33.894689747,18.528834062,52
28_nthrn_line_shape_back,-33.894938942,18.527427866,53
28_nthrn_line_shape_back,-33.894936826,18.527544936,54
28_nthrn_line_shape_back,-33.894944318,18.526115077,55
28_nthrn_line_shape_back,-33.894854738,18.524753899,56
28_nthrn_line_shape_back,-33.89464205,18.523574742,57
28_nthrn_line_shape_back,-33.894690327,18.522711737,58
28_nthrn_line_shape_back,-33.894815579,18.521327439,59
28_nthrn_line_shape_back,-33.895150372,18.520271372,60
28_nthrn_line_shape_back,-33.895627161,18.51914749,61
28_nthrn_line_shape_back,-33.89622491,18.518385504,62
28_nthrn_line_shape_back,-33.896224971,18.518379331,63
28_nthrn_line_shape_back,-33.89697224,18.517343987,64
28_nthrn_line_shape_back,-33.898635623,18.51575508,65
28_nthrn_line_shape_back,-33.899566756,18.514481959,66
28_nthrn_line_shape_back,-33.900322165,18.513270126,67
28_nthrn_line_shape_back,-33.901307941,18.511682984,68
28_nthrn_line_shape_back,-33.901710402,18.510840835,69
28_nthrn_line_shape_back,-33.902768226,18.508911833,70
28_nthrn_line_shape_back,-33.903214913,18.508338475,71
28_nthrn_line_shape_back,-33.904666337,18.506799254,72
28_nthrn_line_shape_back,-33.908585414,18.502424643,73
28_nthrn_line_shape_back,-33.910913322,18.499998721,74
28_nthrn_line_shape_back,-33.912403165,18.498429508,75
28_nthrn_line_shape_back,-33.913602129,18.497140397,76
28_nthrn_line_shape_back,-33.914638472,18.495868031,77
28_nthrn_line_shape_back,-33.915179197,18.49492525,78
28_nthrn_line_shape_back,-33.915527234,18.493417726,79
28_nthrn_line_shape_back,-33.915895725,18.49200013,80
28_nthrn_line_shape_back,-33.915895719,18.491992822,81
28_nthrn_line_shape_back,-33.916570993,18.489107838,82
28_nthrn_line_shape_back,-33.917120497,18.486637078,83
28_nthrn_line_shape_back,-33.917618383,18.484605091,84
28_nthrn_line_shape_back,-33.918317838,18.481775262,85
28_nthrn_line_shape_back,-33.918795821,18.479572199,86
28_nthrn_line_shape_back,-33.919341531,18.477972407,87
28_nthrn_line_shape_back,-33.920195973,18.475901834,88
28_nthrn_line_shape_back,-33.920716357,18.474597763,89
28_nthrn_line_shape_back,-33.921088785,18.473583495,90
28_nthrn_line_shape_back,-33.921554638,18.471381273,91
28_nthrn_line_shape_back,-33.921887428,18.469960212,92
28_nthrn_line_shape_back,-33.922145746,18.468426304,93
28_nthrn_line_shape_back,-33.922261665,18.467515304,94
28_nthrn_line_shape_back,-33.92239703,18.46622605,95
28_nthrn_line_shape_back,-33.922511025,18.464056298,96
28_nthrn_line_shape_back,-33.922031156,18.459833001,97
28_nthrn_line_shape_back,-33.922034332,18.459027803,98
28_nthrn_line_shape_back,-33.922082204,18.458629692,99
28_nthrn_line_shape_back,-33.922090116,18.456728429,100
28_nthrn_line_shape_back,-33.922166749,18.455059517,101
28_nthrn_line_shape_back,-33.922323381,18.453443107,102
28_nthrn_line_shape_back,-33.922752928,18.451618341,103
28_nthrn_line_shape_back,-33.922965026,18.450711572,104
28_nthrn_line_shape_back,-33.923284413,18.449278339,105
28_nthrn_line_shape_back,-33.923518911,18.447600517,106
28_nthrn_line_shape_back,-33.923701266,18.44597156,107
28_nthrn_line_shape_back,-33.923927835,18.444437809,108
28_nthrn_line_shape_back,-33.924115508,18.443501796,109
28_nthrn_line_shape_back,-33.92459961,18.441952841,110
28_nthrn_line_shape_back,-33.92510673,18.440183615,111
28_nthrn_line_shape_back,-33.925302444,18.438636567,112
28_nthrn_line_shape_back,-33.92537261,18.436052939,113
28_nthrn_line_shape_back,-33.925186068,18.433134184,114
28_nthrn_line_shape_back,-33.924763377,18.431133052,115
28_nthrn_line_shape_back,-33.924060871,18.429679222,116
28_nthrn_line_shape_back,-33.922260879,18.42696683,117
34_via_eerste_river,-33.830927882,18.82815703,1
34_via_eerste_river,-33.834202798,18.826616893,2
34_via_eerste_river,-33.837461277,18.825302098,3
34_via_eerste_river,-33.842301499,18.823240835,4
34_via_eerste_river,-33.847473795,18.820831973,5
34_via_eerste_river,-33.849361986,18.819773442,6
34_via_eerste_river,-33.852917349,18.817245578,7
34_via_eerste_river,-33.855956098,18.815263059,8
34_via_eerste_river,-33.858820117,18.814486208,9
34_via_eerste_river,-33.861048791,18.814735967,10
34_via_eerste_river,-33.870996569,18.8183598,11
34_via_eerste_river,-33.874774961,18.819883434,12
34_via_eerste_river,-33.87721913,18.821140727,13
34_via_eerste_river,-33.882483858,18.825782772,14
34_via_eerste_river,-33.891004977,18.834210935,15
34_via_eerste_river,-33.894974039,18.83777343,16
34_via_eerste_river,-33.898326187,18.840410892,17
34_via_eerste_river,-33.900748386,18.842465668,18
34_via_eerste_river,-33.90419146,18.845180072,19
34_via_eerste_river,-33.908026444,18.848127275,20
34_via_eerste_river,-33.909595969,18.84920081,21
34_via_eerste_river,-33.911225658,18.850090761,22
34_via_eerste_river,-33.91467128,18.851458862,23
34_via_eerste_river,-33.918270569,18.852896658,24
34_via_eerste_river,-33.919984022,18.85335391,25
34_via_eerste_river,-33.922284367,18.853923194,26
34_via_eerste_river,-33.923997604,18.854113245,27
34_via_eerste_river,-33.926123855,18.854034667,28
34_via_eerste_river,-33.92831093,18.853702871,29
34_via_eerste_river,-33.93035997,18.853209721,30
34_via_eerste_river,-33.932155463,18.852622378,31
34_via_eerste_river,-33.933511807,18.852370998,32
34_via_eerste_river,-33.935078451,18.851839435,33
34_via_eerste_river,-33.936524205,18.851114498,34
34_via_eerste_river,-33.938633895,18.849658174,35
34_via_eerste_river,-33.939967122,18.848667419,36
34_via_eerste_river,-33.941612643,18.845670561,37
34_via_eerste_river,-33.942996002,18.842161699,38
34_via_eerste_river,-33.943910347,18.839068785,39
34_via_eerste_river,-33.944579777,18.836650837,40
34_via_eerste_river,-33.948000095,18.829621881,41
34_via_eerste_river,-33.951142589,18.822815217,42
34_via_eerste_river,-33.953358208,18.817989492,43
34_via_eerste_river,-33.956346983,18.811774903,44
34_via_eerste_river,-33.959589934,18.804901357,45
34_via_eerste_river,-33.961568219,18.800893202,46
34_via_eerste_river,-33.964970215,18.793552595,47
34_via_eerste_river,-33.966166192,18.791407507,48
34_via_eerste_river,-33.968043966,18.788486508,49
34_via_eerste_river,-33.970665971,18.784688965,50
34_via_eerste_river,-33.972909689,18.782125324,51
34_via_eerste_river,-33.976268127,18.778304989,52
34_via_eerste_river,-33.978251264,18.775636044,53
34_via_eerste_river,-33.979534932,18.773765197,54
34_via_eerste_river,-33.98096166,18.771657463,55
34_via_eerste_river,-33.982207259,18.770322911,56
34_via_eerste_river,-33.983390532,18.769149445,57
34_via_eerste_river,-33.985719667,18.7677396,58
34_via_eerste_river,-33.988880339,18.766210983,59
34_via_eerste_river,-33.990733851,18.765080794,60
34_via_eerste_river,-33.99581879,18.761157014,61
34_via_eerste_river,-33.99870754,18.759034369,62
34_via_eerste_river,-34.001456542,18.756976911,63
34_via_eerste_river,-34.003360021,18.754950119,64
34_via_eerste_river,-34.00518571,18.75188748,65
34_via_eerste_river,-34.005805873,18.749476843,66
34_via_eerste_river,-34.006294526,18.746582604,67
34_via_eerste_river,-34.005726393,18.742093821,68
34_via_eerste_river,-34.004719431,18.738393339,69
34_via_eerste_river,-34.003080417,18.735308781,70
34_via_eerste_river,-34.001264144,18.732540111,71
34_via_eerste_river,-33.999267294,18.729092821,72
34_via_eerste_river,-33.996652956,18.726429094,73
34_via_eerste_river,-33.994121821,18.724403106,74
34_via_eerste_river,-33.99017205,18.721468914,75
34_via_eerste_river,-33.98560999,18.717803583,76
34_via_eerste_river,-33.977114061,18.71136587,77
34_via_eerste_river,-33.973403488,18.708473547,78
34_via_eerste_river,-33.970863572,18.706529883,79
34_via_eerste_river,-33.965003105,18.70164713,80
34_via_eerste_river,-33.96140051,18.699071263,81
34_via_eerste_river,-33.955655673,18.694672878,82
34_via_eerste_river,-33.950162368,18.690486461,83
34_via_eerste_river,-33.944454998,18.685846017,84
34_via_eerste_river,-33.939248774,18.682041346,85
34_via_eerste_river,-33.934795906,18.678533025,86
34_via_eerste_river,-33.930970269,18.675561117,87
34_via_eerste_river,-33.924357146,18.670514478,88
34_via_eerste_river,-33.920604413,18.667539075,89
34_via_eerste_river,-33.918292777,18.665342392,90
34_via_eerste_river,-33.917035345,18.664120032,91
34_via_eerste_river,-33.916121715,18.662695065,92
34_via_eerste_river,-33.914850436,18.660412935,93
34_via_eerste_river,-33.913843163,18.657584538,94
34_via_eerste_river,-33.912134514,18.65114118,95
34_via_eerste_river,-33.910638898,18.645587577,96
34_via_eerste_river,-33.909825491,18.642645172,97
34_via_eerste_river,-33.908771226,18.638453238,98
34_via_eerste_river,-33.907598538,18.634357043,99
34_via_eerste_river,-33.907093823,18.630254805,100
34_via_eerste_river,-33.906530249,18.626959231,101
34_via_eerste_river,-33.905395722,18.620893852,102
34_via_eerste_river_back,-33.905395722,18.620893852,1
34_via_eerste_river_back,-33.906530249,18.626959231,2
34_via_eerste_river_back,-33.907093823,18.630254805,3
34_via_eerste_river_back,-33.907598538,18.634357043,4
34_via_eerste_river_back,-33.908771226,18.638453238,5
34_via_eerste_river_back,-33.909825491,18.642645172,6
34_via_eerste_river_back,-33.910638898,18.645587577,7
34_via_eerste_river_back,-33.912134514,18.65114118,8
34_via_eerste_river_back,-33.913843163,18.657584538,9
34_via_eerste_river_back,-33.914850436,18.660412935,10
34_via_eerste_river_back,-33.916121715,18.662695065,11
34_via_eerste_river_back,-33.917035345,18.664120032,12
34_via_eerste_river_back,-33.918292777,18.665342392,13
34_via_eerste_river_back,-33.920604413,18.667539075,14
34_via_eerste_river_back,-33.924357146,18.670514478,15
34_via_eerste_river_back,-33.930970269,18.675561117,16
34_via_eerste_river_back,-33.934795906,18.678533025,17
34_via_eerste_river_back,-33.939248774,18.682041346,18
34_via_eerste_river_back,-33.944454998,18.685846017,19
34_via_eerste_river_back,-33.950162368,18.690486461,20
34_via_eerste_river_back,-33.955655673,18.694672878,21
34_via_eerste_river_back,-33.96140051,18.699071263,22
34_via_eerste_river_back,-33.965003105,18.70164713,23
34_via_eerste_river_back,-33.970863572,18.706529883,24
34_via_eerste_river_back,-33.973403488,18.708473547,25
34_via_eerste_river_back,-33.977114061,18.71136587,26
34_via_eerste_river_back,-33.98560999,18.717803583,27
34_via_eerste_river_back,-33.99017205,18.721468914,28
34_via_eerste_river_back,-33.994121821,18.724403106,29
34_via_eerste_river_back,-33.996652956,18.726429094,30
34_via_eerste_river_back,-33.999267294,18.729092821,31
34_via_eerste_river_back,-34.001264144,18.732540111,32
34_via_eerste_river_back,-34.003080417,18.735308781,33
34_via_eerste_river_back,-34.004719431,18.738393339,34
34_via_eerste_river_back,-34.005726393,18.742093821,35
34_via_eerste_river_back,-34.006294526,18.746582604,36
34_via_eerste_river_back,-34.005805873,18.749476843,37
34_via_eerste_river_back,-34.00518571,18.75188748,38
34_via_eerste_river_back,-34.003360021,18.754950119,39
34_via_eerste_river_back,-34.001456542,18.756976911,40
34_via_eerste_river_back,-33.99870754,18.759034369,41
34_via_eerste_river_back,-33.99581879,18.761157014,42
34_via_eerste_river_back,-33.990733851,18.765080794,43
34_via_eerste_river_back,-33.988880339,18.766210983,44
34_via_eerste_river_back,-33.985719667,18.7677396,45
34_via_eerste_river_back,-33.983390532,18.769149445,46
34_via_eerste_river_back,-33.982207259,18.770322911,47
34_via_eerste_river_back,-33.98096166,18.771657463,48
34_via_eerste_river_back,-33.979534932,18.773765197,49
34_via_eerste_river_back,-33.978251264,18.775636044,50
34_via_eerste_river_back,-33.976268127,18.778304989,51
34_via_eerste_river_back,-33.972909689,18.782125324,52
34_via_eerste_river_back,-33.970665971,18.784688965,53
34_via_eerste_river_back,-33.968043966,18.788486508,54
34_via_eerste_river_back,-33.966166192,18.791407507,55
34_via_eerste_river_back,-33.964970215,18.793552595,56
34_via_eerste_river_back,-33.961568219,18.800893202,57
34_via_eerste_river_back,-33.959589934,18.804901357,58
34_via_eerste_river_back,-33.956346983,18.811774903,59
34_via_eerste_river_back,-33.953358208,18.817989492,60
34_via_eerste_river_back,-33.951142589,18.822815217,61
34_via_eerste_river_back,-33.948000095,18.829621881,62
34_via_eerste_river_back,-33.944579777,18.836650837,63
34_via_eerste_river_back,-33.943910347,18.839068785,64
34_via_eerste_river_back,-33.942996002,18.842161699,65
34_via_eerste_river_back,-33.941612643,18.845670561,66
34_via_eerste_river_back,-33.939967122,18.848667419,67
34_via_eerste_river_back,-33.938633895,18.849658174,68
34_via_eerste_river_back,-33.936524205,18.851114498,69
34_via_eerste_river_back,-33.935078451,18.851839435,70
34_via_eerste_river_back,-33.933511807,18.852370998,71
34_via_eerste_river_back,-33.932155463,18.852622378,72
34_via_eerste_river_back,-33.93035997,18.853209721,73
34_via_eerste_river_back,-33.92831093,18.853702871,74
34_via_eerste_river_back,-33.926123855,18.854034667,75
34_via_eerste_river_back,-33.923997604,18.854113245,76
34_via_eerste_river_back,-33.922284367,18.853923194,77
34_via_eerste_river_back,-33.919984022,18.85335391,78
34_via_eerste_river_back,-33.918270569,18.852896658,79
34_via_eerste_river_back,-33.91467128,18.851458862,80
34_via_eerste_river_back,-33.911225658,18.850090761,81
34_via_eerste_river_back,-33.909595969,18.84920081,82
34_via_eerste_river_back,-33.908026444,18.848127275,83
34_via_eerste_river_back,-33.90419146,18.845180072,84
34_via_eerste_river_back,-33.900748386,18.842465668,85
34_via_eerste_river_back,-33.898326187,18.840410892,86
34_via_eerste_river_back,-33.894974039,18.83777343,87
34_via_eerste_river_back,-33.891004977,18.834210935,88
34_via_eerste_river_back,-33.882483858,18.825782772,89
34_via_eerste_river_back,-33.87721913,18.821140727,90
34_via_eerste_river_back,-33.874774961,18.819883434,91
34_via_eerste_river_back,-33.870996569,18.8183598,92
34_via_eerste_river_back,-33.861048791,18.814735967,93
34_via_eerste_river_back,-33.858820117,18.814486208,94
34_via_eerste_river_back,-33.855956098,18.815263059,95
34_via_eerste_river_back,-33.852917349,18.817245578,96
34_via_eerste_river_back,-33.849361986,18.819773442,97
34_via_eerste_river_back,-33.847473795,18.820831973,98
34_via_eerste_river_back,-33.842301499,18.823240835,99
34_via_eerste_river_back,-33.837461277,18.825302098,100
34_via_eerste_river_back,-33.834202798,18.826616893,101
34_via_eerste_river_back,-33.830927882,18.82815703,102
35_nrthn_line_shape,-33.922828844,18.426559459,1
35_nrthn_line_shape,-33.924046417,18.42835003,2
35_nrthn_line_shape,-33.925091099,18.431292387,3
35_nrthn_line_shape,-33.925580463,18.434175736,4
35_nrthn_line_shape,-33.925498005,18.439730809,5
35_nrthn_line_shape,-33.925352245,18.444099684,6
35_nrthn_line_shape,-33.925276538,18.446837184,7
35_nrthn_line_shape,-33.925843347,18.452790495,8
35_nrthn_line_shape,-33.92586276,18.452932111,9
35_nrthn_line_shape,-33.926484642,18.458070274,10
35_nrthn_line_shape,-33.926976988,18.463167681,11
35_nrthn_line_shape,-33.927124447,18.466015838,12
35_nrthn_line_shape,-33.926640771,18.470075708,13
35_nrthn_line_shape,-33.925999874,18.475033666,14
35_nrthn_line_shape,-33.925445442,18.480194334,15
35_nrthn_line_shape,-33.924702623,18.486027396,16
35_nrthn_line_shape,-33.92421847,18.490299493,17
35_nrthn_line_shape,-33.923429771,18.496824942,18
35_nrthn_line_shape,-33.922895574,18.50109904,19
35_nrthn_line_shape,-33.922754712,18.50291676,20
35_nrthn_line_shape,-33.922125559,18.507170147,21
35_nrthn_line_shape,-33.921364275,18.513521503,22
35_nrthn_line_shape,-33.920856155,18.51709771,23
35_nrthn_line_shape,-33.920214556,18.521731935,24
35_nrthn_line_shape,-33.919259933,18.530618784,25
35_nrthn_line_shape,-33.918661748,18.534707994,26
35_nrthn_line_shape,-33.918037062,18.537853747,27
35_nrthn_line_shape,-33.916922949,18.540796918,28
35_nrthn_line_shape,-33.915403572,18.544704729,29
35_nrthn_line_shape,-33.914549636,18.547099665,30
35_nrthn_line_shape,-33.914012142,18.549044745,31
35_nrthn_line_shape,-33.912696281,18.553546089,32
35_nrthn_line_shape,-33.91112749,18.558861311,33
35_nrthn_line_shape,-33.9106893,18.561719887,34
35_nrthn_line_shape,-33.910689645,18.561799157,35
35_nrthn_line_shape,-33.910382272,18.566187032,36
35_nrthn_line_shape,-33.910769737,18.569142638,37
35_nrthn_line_shape,-33.910769993,18.569201571,38
35_nrthn_line_shape,-33.910587119,18.571882684,39
35_nrthn_line_shape,-33.910656179,18.574061854,40
35_nrthn_line_shape,-33.910755465,18.577878036,41
35_nrthn_line_shape,-33.909812116,18.584590031,42
35_nrthn_line_shape,-33.908828351,18.591801543,43
35_nrthn_line_shape,-33.908004514,18.597701433,44
35_nrthn_line_shape,-33.906882842,18.606313128,45
35_nrthn_line_shape,-33.906247361,18.611782362,46
35_nrthn_line_shape,-33.905515251,18.616992321,47
35_nrthn_line_shape,-33.905064158,18.619471455,48
35_nrthn_line_shape,-33.906009302,18.624338857,49
35_nrthn_line_shape,-33.906477366,18.625884159,50
35_nrthn_line_shape,-33.906701569,18.626871056,51
35_nrthn_line_shape,-33.907038623,18.628861627,52
35_nrthn_line_shape,-33.907297881,18.632317521,53
35_nrthn_line_shape,-33.907403152,18.634849858,54
35_nrthn_line_shape,-33.907236327,18.637503973,55
35_nrthn_line_shape,-33.906327129,18.64759794,56
35_nrthn_line_shape,-33.905825754,18.653164333,57
35_nrthn_line_shape,-33.905173776,18.655842076,58
35_nrthn_line_shape,-33.904455333,18.657384575,59
35_nrthn_line_shape,-33.901660141,18.661014321,60
35_nrthn_line_shape,-33.897326471,18.666670685,61
35_nrthn_line_shape,-33.892515519,18.673155878,62
35_nrthn_line_shape,-33.888820508,18.677946504,63
35_nrthn_line_shape,-33.885686421,18.682155001,64
35_nrthn_line_shape,-33.884216158,18.684377507,65
35_nrthn_line_shape,-33.882488205,18.686597545,66
35_nrthn_line_shape,-33.880914818,18.68859759,67
35_nrthn_line_shape,-33.878083737,18.692066894,68
35_nrthn_line_shape,-33.875082292,18.69472278,69
35_nrthn_line_shape,-33.867483645,18.700287012,70
35_nrthn_line_shape,-33.865463256,18.702113342,71
35_nrthn_line_shape,-33.863494066,18.703504708,72
35_nrthn_line_shape,-33.861348297,18.706074804,73
35_nrthn_line_shape,-33.854085455,18.715033066,74
35_nrthn_line_shape,-33.849836171,18.720533093,75
35_nrthn_line_shape,-33.846974954,18.723885321,76
35_nrthn_line_shape,-33.84505517,18.726583382,77
35_nrthn_line_shape,-33.843634703,18.728842417,78
35_nrthn_line_shape,-33.842202506,18.733265896,79
35_nrthn_line_shape,-33.840012454,18.739355874,80
35_nrthn_line_shape,-33.839421656,18.742131806,81
35_nrthn_line_shape,-33.838798007,18.74471852,82
35_nrthn_line_shape,-33.838267678,18.746207752,83
35_nrthn_line_shape,-33.836891834,18.748401051,84
35_nrthn_line_shape,-33.835735139,18.750604768,85
35_nrthn_line_shape,-33.835122536,18.751793437,86
35_nrthn_line_shape,-33.835144991,18.751838484,87
35_nrthn_line_shape,-33.834670784,18.752694919,88
35_nrthn_line_shape,-33.834001258,18.754678386,89
35_nrthn_line_shape,-33.833725481,18.75593649,90
35_nrthn_line_shape,-33.833469831,18.757718724,91
35_nrthn_line_shape,-33.832924711,18.76648744,92
35_nrthn_line_shape,-33.832417834,18.773303859,93
35_nrthn_line_shape,-33.831960083,18.781291238,94
35_nrthn_line_shape,-33.831449673,18.787495153,95
35_nrthn_line_shape,-33.831259638,18.790675536,96
35_nrthn_line_shape,-33.83212506,18.800442397,97
35_nrthn_line_shape,-33.832966538,18.808126007,98
35_nrthn_line_shape,-33.833100817,18.81095063,99
35_nrthn_line_shape,-33.83278816,18.814257188,100
35_nrthn_line_shape,-33.832779792,18.816847122,101
35_nrthn_line_shape,-33.833352252,18.819103401,102
35_nrthn_line_shape,-33.833959176,18.821344233,103
35_nrthn_line_shape,-33.83423591,18.823899455,104
35_nrthn_line_shape,-33.833620329,18.826254501,105
35_nrthn_line_shape,-33.832114415,18.827476975,106
35_nrthn_line_shape,-33.829074063,18.829590718,107
35_nrthn_line_shape,-33.825655122,18.83189208,108
35_nrthn_line_shape,-33.820481812,18.834149358,109
35_nrthn_line_shape,-33.815337536,18.83553063,110
35_nrthn_line_shape,-33.81106401,18.836984069,111
35_nrthn_line_shape,-33.807721806,18.839690221,112
35_nrthn_line_shape,-33.806326295,18.842502047,113
35_nrthn_line_shape,-33.805677469,18.846853922,114
35_nrthn_line_shape,-33.806464035,18.851918277,115
35_nrthn_line_shape,-33.808142898,18.856444869,116
35_nrthn_line_shape,-33.808304124,18.860097686,117
35_nrthn_line_shape,-33.807584778,18.863553749,118
35_nrthn_line_shape,-33.806918957,18.866993701,119
35_nrthn_line_shape,-33.8043611,18.876883686,120
35_nrthn_line_shape,-33.802400556,18.883748091,121
35_nrthn_line_shape,-33.801914439,18.885565138,122
35_nrthn_line_shape,-33.80136919,18.888879466,123
35_nrthn_line_shape,-33.801072266,18.892651031,124
35_nrthn_line_shape,-33.801679895,18.901976943,125
35_nrthn_line_shape,-33.801334897,18.907485202,126
35_nrthn_line_shape,-33.800314756,18.912793263,127
35_nrthn_line_shape,-33.79873642,18.917701328,128
35_nrthn_line_shape,-33.795327811,18.92508041,129
35_nrthn_line_shape,-33.79313032,18.93018394,130
35_nrthn_line_shape,-33.792085106,18.933805909,131
35_nrthn_line_shape,-33.790560309,18.940646665,132
35_nrthn_line_shape,-33.789352575,18.945527544,133
35_nrthn_line_shape,-33.787958696,18.948471529,134
35_nrthn_line_shape,-33.784999178,18.952540639,135
35_nrthn_line_shape,-33.780597722,18.957144675,136
35_nrthn_line_shape,-33.775887308,18.96159599,137
35_nrthn_line_shape,-33.773072116,18.96347932,138
35_nrthn_line_shape,-33.770372305,18.964267334,139
35_nrthn_line_shape,-33.767267409,18.964772837,140
35_nrthn_line_shape,-33.764879971,18.965140908,141
35_nrthn_line_shape,-33.762701432,18.964936085,142
35_nrthn_line_shape,-33.760008481,18.964840653,143
35_nrthn_line_shape,-33.757280415,18.965668871,144
35_nrthn_line_shape,-33.755634355,18.966490158,145
35_nrthn_line_shape,-33.754377014,18.967487401,146
35_nrthn_line_shape,-33.751423285,18.970904461,147
35_nrthn_line_shape,-33.748007171,18.973263678,148
35_nrthn_line_shape,-33.745976328,18.974021637,149
35_nrthn_line_shape,-33.742785703,18.974568191,150
35_nrthn_line_shape,-33.738082323,18.975421501,151
35_nrthn_line_shape,-33.734866126,18.976007906,152
35_nrthn_line_shape,-33.730443957,18.976676971,153
35_nrthn_line_shape,-33.727043331,18.977179069,154
35_nrthn_line_shape,-33.71752662,18.978570503,155
35_nrthn_line_shape,-33.708137751,18.980020209,156
35_nrthn_line_shape,-33.705745686,18.980424978,157
35_nrthn_line_shape,-33.701717022,18.981165764,158
35_nrthn_line_shape,-33.699378539,18.981503851,159
35_nrthn_line_shape,-33.697506178,18.9821492,160
35_nrthn_line_shape,-33.693397472,18.983356592,161
35_nrthn_line_shape,-33.691338035,18.983834138,162
35_nrthn_line_shape,-33.687188697,18.98424985,163
35_nrthn_line_shape,-33.680898679,18.98485358,164
35_nrthn_line_shape,-33.674562918,18.985474902,165
35_nrthn_line_shape,-33.667605184,18.985318821,166
35_nrthn_line_shape,-33.663231472,18.98532109,167
35_nrthn_line_shape,-33.65963518,18.98559779,168
35_nrthn_line_shape,-33.655235499,18.986549101,169
35_nrthn_line_shape,-33.649241532,18.987989208,170
35_nrthn_line_shape,-33.643269213,18.989819671,171
35_nrthn_line_shape,-33.638670448,18.990855628,172
35_nrthn_line_shape,-33.636699019,18.991423495,173
35_nrthn_line_shape,-33.635192484,18.99172411,174
35_nrthn_line_shape_back,-33.635192484,18.99172411,1
35_nrthn_line_shape_back,-33.636699019,18.991423495,2
35_nrthn_line_shape_back,-33.638670448,18.990855628,3
35_nrthn_line_shape_back,-33.643269213,18.989819671,4
35_nrthn_line_shape_back,-33.649241532,18.987989208,5
35_nrthn_line_shape_back,-33.655235499,18.986549101,6
35_nrthn_line_shape_back,-33.65963518,18.98559779,7
35_nrthn_line_shape_back,-33.663231472,18.98532109,8
35_nrthn_line_shape_back,-33.667605184,18.985318821,9
35_nrthn_line_shape_back,-33.674562918,18.985474902,10
35_nrthn_line_shape_back,-33.680898679,18.98485358,11
35_nrthn_line_shape_back,-33.687188697,18.98424985,12
35_nrthn_line_shape_back,-33.691338035,18.983834138,13
35_nrthn_line_shape_back,-33.693397472,18.983356592,14
35_nrthn_line_shape_back,-33.697506178,18.9821492,15
35_nrthn_line_shape_back,-33.699378539,18.981503851,16
35_nrthn_line_shape_back,-33.701717022,18.981165764,17
35_nrthn_line_shape_back,-33.705745686,18.980424978,18
35_nrthn_line_shape_back,-33.708137751,18.980020209,19
35_nrthn_line_shape_back,-33.71752662,18.978570503,20
35_nrthn_line_shape_back,-33.727043331,18.977179069,21
35_nrthn_line_shape_back,-33.730443957,18.976676971,22
35_nrthn_line_shape_back,-33.734866126,18.976007906,23
35_nrthn_line_shape_back,-33.738082323,18.975421501,24
35_nrthn_line_shape_back,-33.742785703,18.974568191,25
35_nrthn_line_shape_back,-33.745976328,18.974021637,26
35_nrthn_line_shape_back,-33.748007171,18.973263678,27
35_nrthn_line_shape_back,-33.751423285,18.970904461,28
35_nrthn_line_shape_back,-33.754377014,18.967487401,29
35_nrthn_line_shape_back,-33.755634355,18.966490158,30
35_nrthn_line_shape_back,-33.757280415,18.965668871,31
35_nrthn_line_shape_back,-33.760008481,18.964840653,32
35_nrthn_line_shape_back,-33.762701432,18.964936085,33
35_nrthn_line_shape_back,-33.764879971,18.965140908,34
35_nrthn_line_shape_back,-33.767267409,18.964772837,35
35_nrthn_line_shape_back,-33.770372305,18.964267334,36
35_nrthn_line_shape_back,-33.773072116,18.96347932,37
35_nrthn_line_shape_back,-33.775887308,18.96159599,38
35_nrthn_line_shape_back,-33.780597722,18.957144675,39
35_nrthn_line_shape_back,-33.784999178,18.952540639,40
35_nrthn_line_shape_back,-33.787958696,18.948471529,41
35_nrthn_line_shape_back,-33.789352575,18.945527544,42
35_nrthn_line_shape_back,-33.790560309,18.940646665,43
35_nrthn_line_shape_back,-33.792085106,18.933805909,44
35_nrthn_line_shape_back,-33.79313032,18.93018394,45
35_nrthn_line_shape_back,-33.795327811,18.92508041,46
35_nrthn_line_shape_back,-33.79873642,18.917701328,47
35_nrthn_line_shape_back,-33.800314756,18.912793263,48
35_nrthn_line_shape_back,-33.801334897,18.907485202,49
35_nrthn_line_shape_back,-33.801679895,18.901976943,50
35_nrthn_line_shape_back,-33.801072266,18.892651031,51
35_nrthn_line_shape_back,-33.80136919,18.888879466,52
35_nrthn_line_shape_back,-33.801914439,18.885565138,53
35_nrthn_line_shape_back,-33.802400556,18.883748091,54
35_nrthn_line_shape_back,-33.8043611,18.876883686,55
35_nrthn_line_shape_back,-33.806918957,18.866993701,56
35_nrthn_line_shape_back,-33.807584778,18.863553749,57
35_nrthn_line_shape_back,-33.808304124,18.860097686,58
35_nrthn_line_shape_back,-33.808142898,18.856444869,59
35_nrthn_line_shape_back,-33.806464035,18.851918277,60
35_nrthn_line_shape_back,-33.805677469,18.846853922,61
35_nrthn_line_shape_back,-33.806326295,18.842502047,62
35_nrthn_line_shape_back,-33.807721806,18.839690221,63
35_nrthn_line_shape_back,-33.81106401,18.836984069,64
35_nrthn_line_shape_back,-33.815337536,18.83553063,65
35_nrthn_line_shape_back,-33.820481812,18.834149358,66
35_nrthn_line_shape_back,-33.825655122,18.83189208,67
35_nrthn_line_shape_back,-33.829074063,18.829590718,68
35_nrthn_line_shape_back,-33.832114415,18.827476975,69
35_nrthn_line_shape_back,-33.833620329,18.826254501,70
35_nrthn_line_shape_back,-33.83423591,18.823899455,71
35_nrthn_line_shape_back,-33.833959176,18.821344233,72
35_nrthn_line_shape_back,-33.833352252,18.819103401,73
35_nrthn_line_shape_back,-33.832779792,18.816847122,74
35_nrthn_line_shape_back,-33.83278816,18.814257188,75
35_nrthn_line_shape_back,-33.833100817,18.81095063,76
35_nrthn_line_shape_back,-33.832966538,18.808126007,77
35_nrthn_line_shape_back,-33.83212506,18.800442397,78
35_nrthn_line_shape_back,-33.831259638,18.790675536,79
35_nrthn_line_shape_back,-33.831449673,18.787495153,80
35_nrthn_line_shape_back,-33.831960083,18.781291238,81
35_nrthn_line_shape_back,-33.832417834,18.773303859,82
35_nrthn_line_shape_back,-33.832924711,18.76648744,83
35_nrthn_line_shape_back,-33.833469831,18.757718724,84
35_nrthn_line_shape_back,-33.833725481,18.75593649,85
35_nrthn_line_shape_back,-33.834001258,18.754678386,86
35_nrthn_line_shape_back,-33.834670784,18.752694919,87
35_nrthn_line_shape_back,-33.835144991,18.751838484,88
35_nrthn_line_shape_back,-33.835122536,18.751793437,89
35_nrthn_line_shape_back,-33.835735139,18.750604768,90
35_nrthn_line_shape_back,-33.836891834,18.748401051,91
35_nrthn_line_shape_back,-33.838267678,18.746207752,92
35_nrthn_line_shape_back,-33.838798007,18.74471852,93
35_nrthn_line_shape_back,-33.839421656,18.742131806,94
35_nrthn_line_shape_back,-33.840012454,18.739355874,95
35_nrthn_line_shape_back,-33.842202506,18.733265896,96
35_nrthn_line_shape_back,-33.843634703,18.728842417,97
35_nrthn_line_shape_back,-33.84505517,18.726583382,98
35_nrthn_line_shape_back,-33.846974954,18.723885321,99
35_nrthn_line_shape_back,-33.849836171,18.720533093,100
35_nrthn_line_shape_back,-33.854085455,18.715033066,101
35_nrthn_line_shape_back,-33.861348297,18.706074804,102
35_nrthn_line_shape_back,-33.863494066,18.703504708,103
35_nrthn_line_shape_back,-33.865463256,18.702113342,104
35_nrthn_line_shape_back,-33.867483645,18.700287012,105
35_nrthn_line_shape_back,-33.875082292,18.69472278,106
35_nrthn_line_shape_back,-33.878083737,18.692066894,107
35_nrthn_line_shape_back,-33.880914818,18.68859759,108
35_nrthn_line_shape_back,-33.882488205,18.686597545,109
35_nrthn_line_shape_back,-33.884216158,18.684377507,110
35_nrthn_line_shape_back,-33.885686421,18.682155001,111
35_nrthn_line_shape_back,-33.888820508,18.677946504,112
35_nrthn_line_shape_back,-33.892515519,18.673155878,113
35_nrthn_line_shape_back,-33.897326471,18.666670685,114
35_nrthn_line_shape_back,-33.901660141,18.661014321,115
35_nrthn_line_shape_back,-33.904455333,18.657384575,116
35_nrthn_line_shape_back,-33.905173776,18.655842076,117
35_nrthn_line_shape_back,-33.905825754,18.653164333,118
35_nrthn_line_shape_back,-33.906327129,18.64759794,119
35_nrthn_line_shape_back,-33.907236327,18.637503973,120
35_nrthn_line_shape_back,-33.907403152,18.634849858,121
35_nrthn_line_shape_back,-33.907297881,18.632317521,122
35_nrthn_line_shape_back,-33.907038623,18.628861627,123
35_nrthn_line_shape_back,-33.906701569,18.626871056,124
35_nrthn_line_shape_back,-33.906477366,18.625884159,125
35_nrthn_line_shape_back,-33.906009302,18.624338857,126
35_nrthn_line_shape_back,-33.905064158,18.619471455,127
35_nrthn_line_shape_back,-33.905515251,18.616992321,128
35_nrthn_line_shape_back,-33.906247361,18.611782362,129
35_nrthn_line_shape_back,-33.906882842,18.606313128,130
35_nrthn_line_shape_back,-33.908004514,18.597701433,131
35_nrthn_line_shape_back,-33.908828351,18.591801543,132
35_nrthn_line_shape_back,-33.909812116,18.584590031,133
35_nrthn_line_shape_back,-33.910755465,18.577878036,134
35_nrthn_line_shape_back,-33.910656179,18.574061854,135
35_nrthn_line_shape_back,-33.910587119,18.571882684,136
35_nrthn_line_shape_back,-33.910769993,18.569201571,137
35_nrthn_line_shape_back,-33.910769737,18.569142638,138
35_nrthn_line_shape_back,-33.910382272,18.566187032,139
35_nrthn_line_shape_back,-33.910689645,18.561799157,140
35_nrthn_line_shape_back,-33.9106893,18.561719887,141
35_nrthn_line_shape_back,-33.91112749,18.558861311,142
35_nrthn_line_shape_back,-33.912696281,18.553546089,143
35_nrthn_line_shape_back,-33.914012142,18.549044745,144
35_nrthn_line_shape_back,-33.914549636,18.547099665,145
35_nrthn_line_shape_back,-33.915403572,18.544704729,146
35_nrthn_line_shape_back,-33.916922949,18.540796918,147
35_nrthn_line_shape_back,-33.918037062,18.537853747,148
35_nrthn_line_shape_back,-33.918661748,18.534707994,149
35_nrthn_line_shape_back,-33.919259933,18.530618784,150
35_nrthn_line_shape_back,-33.920214556,18.521731935,151
35_nrthn_line_shape_back,-33.920856155,18.51709771,152
35_nrthn_line_shape_back,-33.921364275,18.513521503,153
35_nrthn_line_shape_back,-33.922125559,18.507170147,154
35_nrthn_line_shape_back,-33.922754712,18.50291676,155
35_nrthn_line_shape_back,-33.922895574,18.50109904,156
35_nrthn_line_shape_back,-33.923429771,18.496824942,157
35_nrthn_line_shape_back,-33.92421847,18.490299493,158
35_nrthn_line_shape_back,-33.924702623,18.486027396,159
35_nrthn_line_shape_back,-33.925445442,18.480194334,160
35_nrthn_line_shape_back,-33.925999874,18.475033666,161
35_nrthn_line_shape_back,-33.926640771,18.470075708,162
35_nrthn_line_shape_back,-33.927124447,18.466015838,163
35_nrthn_line_shape_back,-33.926976988,18.463167681,164
35_nrthn_line_shape_back,-33.926484642,18.458070274,165
35_nrthn_line_shape_back,-33.92586276,18.452932111,166
35_nrthn_line_shape_back,-33.925843347,18.452790495,167
35_nrthn_line_shape_back,-33.925276538,18.446837184,168
35_nrthn_line_shape_back,-33.925352245,18.444099684,169
35_nrthn_line_shape_back,-33.925498005,18.439730809,170
35_nrthn_line_shape_back,-33.925580463,18.434175736,171
35_nrthn_line_shape_back,-33.925091099,18.431292387,172
35_nrthn_line_shape_back,-33.924046417,18.42835003,173
35_nrthn_line_shape_back,-33.922828844,18.426559459,174
32_nthrn_line_shape,-34.115082653,18.832524965,1
32_nthrn_line_shape,-34.113331271,18.834555834,2
32_nthrn_line_shape,-34.112371308,18.836156185,3
32_nthrn_line_shape,-34.109530304,18.839646784,4
32_nthrn_line_shape,-34.106404002,18.843728301,5
32_nthrn_line_shape,-34.104567961,18.845837198,6
32_nthrn_line_shape,-34.102550937,18.848353065,7
32_nthrn_line_shape,-34.100549501,18.850655797,8
32_nthrn_line_shape,-34.099450973,18.852413788,9
32_nthrn_line_shape,-34.098683643,18.854626458,10
32_nthrn_line_shape,-34.097919773,18.856329285,11
32_nthrn_line_shape,-34.096916013,18.856675474,12
32_nthrn_line_shape,-34.096099411,18.856545064,13
32_nthrn_line_shape,-34.095335599,18.85620294,14
32_nthrn_line_shape,-34.094897307,18.855171344,15
32_nthrn_line_shape,-34.094797822,18.85391744,16
32_nthrn_line_shape,-34.094884351,18.852567185,17
32_nthrn_line_shape,-34.094500051,18.850493581,18
32_nthrn_line_shape,-34.093662519,18.849077474,19
32_nthrn_line_shape,-34.092652108,18.848006898,20
32_nthrn_line_shape,-34.090337595,18.847173737,21
32_nthrn_line_shape,-34.088028985,18.846335731,22
32_nthrn_line_shape,-34.086273478,18.84484273,23
32_nthrn_line_shape,-34.08496348,18.843436796,24
32_nthrn_line_shape,-34.083783892,18.840306515,25
32_nthrn_line_shape,-34.082886952,18.837829458,26
32_nthrn_line_shape,-34.081571533,18.834164654,27
32_nthrn_line_shape,-34.080406457,18.832309609,28
32_nthrn_line_shape,-34.078240127,18.828655111,29
32_nthrn_line_shape,-34.075580827,18.824824592,30
32_nthrn_line_shape,-34.07323553,18.820994331,31
32_nthrn_line_shape,-34.070117707,18.81577223,32
32_nthrn_line_shape,-34.066646485,18.810037971,33
32_nthrn_line_shape,-34.063892347,18.805943758,34
32_nthrn_line_shape,-34.060341951,18.800253676,35
32_nthrn_line_shape,-34.056675975,18.794295173,36
32_nthrn_line_shape,-34.054337383,18.790690013,37
32_nthrn_line_shape,-34.052432454,18.78756721,38
32_nthrn_line_shape,-34.050866743,18.784753353,39
32_nthrn_line_shape,-34.049158894,18.780145504,40
32_nthrn_line_shape,-34.046931026,18.773732418,41
32_nthrn_line_shape,-34.04533231,18.769794301,42
32_nthrn_line_shape,-34.042872896,18.764117301,43
32_nthrn_line_shape,-34.041650935,18.761568174,44
32_nthrn_line_shape,-34.040843273,18.760225717,45
32_nthrn_line_shape,-34.04043382,18.759854012,46
32_nthrn_line_shape,-34.038720633,18.758265629,47
32_nthrn_line_shape,-34.037030657,18.756571065,48
32_nthrn_line_shape,-34.035565644,18.75517485,49
32_nthrn_line_shape,-34.033036607,18.753882928,50
32_nthrn_line_shape,-34.029885358,18.752069229,51
32_nthrn_line_shape,-34.027858659,18.750897353,52
32_nthrn_line_shape,-34.026235475,18.747329599,53
32_nthrn_line_shape,-34.025751676,18.745631837,54
32_nthrn_line_shape,-34.024904912,18.744472819,55
32_nthrn_line_shape,-34.021679098,18.742241259,56
32_nthrn_line_shape,-34.01857377,18.740644923,57
32_nthrn_line_shape,-34.015568245,18.738989217,58
32_nthrn_line_shape,-34.011672593,18.737108535,59
32_nthrn_line_shape,-34.008541374,18.73554777,60
32_nthrn_line_shape,-34.005426736,18.734783362,61
32_nthrn_line_shape,-34.003184241,18.734280599,62
32_nthrn_line_shape,-34.00231609,18.733647619,63
32_nthrn_line_shape,-34.000811484,18.731060948,64
32_nthrn_line_shape,-33.998648482,18.728515059,65
32_nthrn_line_shape,-33.994074072,18.724409285,66
32_nthrn_line_shape,-33.988736144,18.720475515,67
32_nthrn_line_shape,-33.984056935,18.716560145,68
32_nthrn_line_shape,-33.977177953,18.711309938,69
32_nthrn_line_shape,-33.97335795,18.708373098,70
32_nthrn_line_shape,-33.967997165,18.704230033,71
32_nthrn_line_shape,-33.963561063,18.700627849,72
32_nthrn_line_shape,-33.960413289,18.698242442,73
32_nthrn_line_shape,-33.953358082,18.692983294,74
32_nthrn_line_shape,-33.947520883,18.688296576,75
32_nthrn_line_shape,-33.942759637,18.68468686,76
32_nthrn_line_shape,-33.9370087,18.680080196,77
32_nthrn_line_shape,-33.933048871,18.67708977,78
32_nthrn_line_shape,-33.928404664,18.67348173,79
32_nthrn_line_shape,-33.923120791,18.669541231,80
32_nthrn_line_shape,-33.921054546,18.667703235,81
32_nthrn_line_shape,-33.917788586,18.664916302,82
32_nthrn_line_shape,-33.915730332,18.662233135,83
32_nthrn_line_shape,-33.914551653,18.65982569,84
32_nthrn_line_shape,-33.913464258,18.656642614,85
32_nthrn_line_shape,-33.912253315,18.651497035,86
32_nthrn_line_shape,-33.910538195,18.644965058,87
32_nthrn_line_shape,-33.909030977,18.639713091,88
32_nthrn_line_shape,-33.907321227,18.634170188,89
32_nthrn_line_shape,-33.907238117,18.632743479,90
32_nthrn_line_shape,-33.90702738,18.630838277,91
32_nthrn_line_shape,-33.90644613,18.627555322,92
32_nthrn_line_shape,-33.905797564,18.624206388,93
32_nthrn_line_shape,-33.905287295,18.621894586,94
32_nthrn_line_shape,-33.905037007,18.618732366,95
32_nthrn_line_shape,-33.905702012,18.614586312,96
32_nthrn_line_shape,-33.906588315,18.607656764,97
32_nthrn_line_shape,-33.907360545,18.601228709,98
32_nthrn_line_shape,-33.908205784,18.594919539,99
32_nthrn_line_shape,-33.90931574,18.587418249,100
32_nthrn_line_shape,-33.909935453,18.583796335,101
32_nthrn_line_shape,-33.910181106,18.581060133,102
32_nthrn_line_shape,-33.910772618,18.577640142,103
32_nthrn_line_shape,-33.910656656,18.576013661,104
32_nthrn_line_shape,-33.910698079,18.570136506,105
32_nthrn_line_shape,-33.910728872,18.568990659,106
32_nthrn_line_shape,-33.910427332,18.566254782,107
32_nthrn_line_shape,-33.910439103,18.563004645,108
32_nthrn_line_shape,-33.910688303,18.560502908,109
32_nthrn_line_shape,-33.910997056,18.559036965,110
32_nthrn_line_shape,-33.911810635,18.556209569,111
32_nthrn_line_shape,-33.913704435,18.550083069,112
32_nthrn_line_shape,-33.914411319,18.547640416,113
32_nthrn_line_shape,-33.915923004,18.543050507,114
32_nthrn_line_shape,-33.917313167,18.539787466,115
32_nthrn_line_shape,-33.918191239,18.536603603,116
32_nthrn_line_shape,-33.919060591,18.531326234,117
32_nthrn_line_shape,-33.919853236,18.524476496,118
32_nthrn_line_shape,-33.920795522,18.517645237,119
32_nthrn_line_shape,-33.921382112,18.513270977,120
32_nthrn_line_shape,-33.922311892,18.505967894,121
32_nthrn_line_shape,-33.923704106,18.495487309,122
32_nthrn_line_shape,-33.924667897,18.488780588,123
32_nthrn_line_shape,-33.924817909,18.484626476,124
32_nthrn_line_shape,-33.925568511,18.479061336,125
32_nthrn_line_shape,-33.926040053,18.475339666,126
32_nthrn_line_shape,-33.926628055,18.471315935,127
32_nthrn_line_shape,-33.927092468,18.46647146,128
32_nthrn_line_shape,-33.927072459,18.466562841,129
32_nthrn_line_shape,-33.927025481,18.464133295,130
32_nthrn_line_shape,-33.926604838,18.459224986,131
32_nthrn_line_shape,-33.9259196,18.454097477,132
32_nthrn_line_shape,-33.925919046,18.454026997,133
32_nthrn_line_shape,-33.925320832,18.448987334,134
32_nthrn_line_shape,-33.925211888,18.446082204,135
32_nthrn_line_shape,-33.92530531,18.442870353,136
32_nthrn_line_shape,-33.925453488,18.440047541,137
32_nthrn_line_shape,-33.92552624,18.435963265,138
32_nthrn_line_shape,-33.925234342,18.432039784,139
32_nthrn_line_shape,-33.92437578,18.428694895,140
32_nthrn_line_shape,-33.922983222,18.426156759,141
32_nthrn_line_shape_back,-33.922983222,18.426156759,1
32_nthrn_line_shape_back,-33.92437578,18.428694895,2
32_nthrn_line_shape_back,-33.925234342,18.432039784,3
32_nthrn_line_shape_back,-33.92552624,18.435963265,4
32_nthrn_line_shape_back,-33.925453488,18.440047541,5
32_nthrn_line_shape_back,-33.92530531,18.442870353,6
32_nthrn_line_shape_back,-33.925211888,18.446082204,7
32_nthrn_line_shape_back,-33.925320832,18.448987334,8
32_nthrn_line_shape_back,-33.925919046,18.454026997,9
32_nthrn_line_shape_back,-33.9259196,18.454097477,10
32_nthrn_line_shape_back,-33.926604838,18.459224986,11
32_nthrn_line_shape_back,-33.927025481,18.464133295,12
32_nthrn_line_shape_back,-33.927072459,18.466562841,13
32_nthrn_line_shape_back,-33.927092468,18.46647146,14
32_nthrn_line_shape_back,-33.926628055,18.471315935,15
32_nthrn_line_shape_back,-33.926040053,18.475339666,16
32_nthrn_line_shape_back,-33.925568511,18.479061336,17
32_nthrn_line_shape_back,-33.924817909,18.484626476,18
32_nthrn_line_shape_back,-33.924667897,18.488780588,19
32_nthrn_line_shape_back,-33.923704106,18.495487309,20
32_nthrn_line_shape_back,-33.922311892,18.505967894,21
32_nthrn_line_shape_back,-33.921382112,18.513270977,22
32_nthrn_line_shape_back,-33.920795522,18.517645237,23
32_nthrn_line_shape_back,-33.919853236,18.524476496,24
32_nthrn_line_shape_back,-33.919060591,18.531326234,25
32_nthrn_line_shape_back,-33.918191239,18.536603603,26
32_nthrn_line_shape_back,-33.917313167,18.539787466,27
32_nthrn_line_shape_back,-33.915923004,18.543050507,28
32_nthrn_line_shape_back,-33.914411319,18.547640416,29
32_nthrn_line_shape_back,-33.913704435,18.550083069,30
32_nthrn_line_shape_back,-33.911810635,18.556209569,31
32_nthrn_line_shape_back,-33.910997056,18.559036965,32
32_nthrn_line_shape_back,-33.910688303,18.560502908,33
32_nthrn_line_shape_back,-33.910439103,18.563004645,34
32_nthrn_line_shape_back,-33.910427332,18.566254782,35
32_nthrn_line_shape_back,-33.910728872,18.568990659,36
32_nthrn_line_shape_back,-33.910698079,18.570136506,37
32_nthrn_line_shape_back,-33.910656656,18.576013661,38
32_nthrn_line_shape_back,-33.910772618,18.577640142,39
32_nthrn_line_shape_back,-33.910181106,18.581060133,40
32_nthrn_line_shape_back,-33.909935453,18.583796335,41
32_nthrn_line_shape_back,-33.90931574,18.587418249,42
32_nthrn_line_shape_back,-33.908205784,18.594919539,43
32_nthrn_line_shape_back,-33.907360545,18.601228709,44
32_nthrn_line_shape_back,-33.906588315,18.607656764,45
32_nthrn_line_shape_back,-33.905702012,18.614586312,46
32_nthrn_line_shape_back,-33.905037007,18.618732366,47
32_nthrn_line_shape_back,-33.905287295,18.621894586,48
32_nthrn_line_shape_back,-33.905797564,18.624206388,49
32_nthrn_line_shape_back,-33.90644613,18.627555322,50
32_nthrn_line_shape_back,-33.90702738,18.630838277,51
32_nthrn_line_shape_back,-33.907238117,18.632743479,52
32_nthrn_line_shape_back,-33.907321227,18.634170188,53
32_nthrn_line_shape_back,-33.909030977,18.639713091,54
32_nthrn_line_shape_back,-33.910538195,18.644965058,55
32_nthrn_line_shape_back,-33.912253315,18.651497035,56
32_nthrn_line_shape_back,-33.913464258,18.656642614,57
32_nthrn_line_shape_back,-33.914551653,18.65982569,58
32_nthrn_line_shape_back,-33.915730332,18.662233135,59
32_nthrn_line_shape_back,-33.917788586,18.664916302,60
32_nthrn_line_shape_back,-33.921054546,18.667703235,61
32_nthrn_line_shape_back,-33.923120791,18.669541231,62
32_nthrn_line_shape_back,-33.928404664,18.67348173,63
32_nthrn_line_shape_back,-33.933048871,18.67708977,64
32_nthrn_line_shape_back,-33.9370087,18.680080196,65
32_nthrn_line_shape_back,-33.942759637,18.68468686,66
32_nthrn_line_shape_back,-33.947520883,18.688296576,67
32_nthrn_line_shape_back,-33.953358082,18.692983294,68
32_nthrn_line_shape_back,-33.960413289,18.698242442,69
32_nthrn_line_shape_back,-33.963561063,18.700627849,70
32_nthrn_line_shape_back,-33.967997165,18.704230033,71
32_nthrn_line_shape_back,-33.97335795,18.708373098,72
32_nthrn_line_shape_back,-33.977177953,18.711309938,73
32_nthrn_line_shape_back,-33.984056935,18.716560145,74
32_nthrn_line_shape_back,-33.988736144,18.720475515,75
32_nthrn_line_shape_back,-33.994074072,18.724409285,76
32_nthrn_line_shape_back,-33.998648482,18.728515059,77
32_nthrn_line_shape_back,-34.000811484,18.731060948,78
32_nthrn_line_shape_back,-34.00231609,18.733647619,79
32_nthrn_line_shape_back,-34.003184241,18.734280599,80
32_nthrn_line_shape_back,-34.005426736,18.734783362,81
32_nthrn_line_shape_back,-34.008541374,18.73554777,82
32_nthrn_line_shape_back,-34.011672593,18.737108535,83
32_nthrn_line_shape_back,-34.015568245,18.738989217,84
32_nthrn_line_shape_back,-34.01857377,18.740644923,85
32_nthrn_line_shape_back,-34.021679098,18.742241259,86
32_nthrn_line_shape_back,-34.024904912,18.744472819,87
32_nthrn_line_shape_back,-34.025751676,18.745631837,88
32_nthrn_line_shape_back,-34.026235475,18.747329599,89
32_nthrn_line_shape_back,-34.027858659,18.750897353,90
32_nthrn_line_shape_back,-34.029885358,18.752069229,91
32_nthrn_line_shape_back,-34.033036607,18.753882928,92
32_nthrn_line_shape_back,-34.035565644,18.75517485,93
32_nthrn_line_shape_back,-34.037030657,18.756571065,94
32_nthrn_line_shape_back,-34.038720633,18.758265629,95
32_nthrn_line_shape_back,-34.04043382,18.759854012,96
32_nthrn_line_shape_back,-34.040843273,18.760225717,97
32_nthrn_line_shape_back,-34.041650935,18.761568174,98
32_nthrn_line_shape_back,-34.042872896,18.764117301,99
32_nthrn_line_shape_back,-34.04533231,18.769794301,100
32_nthrn_line_shape_back,-34.046931026,18.773732418,101
32_nthrn_line_shape_back,-34.049158894,18.780145504,102
32_nthrn_line_shape_back,-34.050866743,18.784753353,103
32_nthrn_line_shape_back,-34.052432454,18.78756721,104
32_nthrn_line_shape_back,-34.054337383,18.790690013,105
32_nthrn_line_shape_back,-34.056675975,18.794295173,106
32_nthrn_line_shape_back,-34.060341951,18.800253676,107
32_nthrn_line_shape_back,-34.063892347,18.805943758,108
32_nthrn_line_shape_back,-34.066646485,18.810037971,109
32_nthrn_line_shape_back,-34.070117707,18.81577223,110
32_nthrn_line_shape_back,-34.07323553,18.820994331,111
32_nthrn_line_shape_back,-34.075580827,18.824824592,112
32_nthrn_line_shape_back,-34.078240127,18.828655111,113
32_nthrn_line_shape_back,-34.080406457,18.832309609,114
32_nthrn_line_shape_back,-34.081571533,18.834164654,115
32_nthrn_line_shape_back,-34.082886952,18.837829458,116
32_nthrn_line_shape_back,-34.083783892,18.840306515,117
32_nthrn_line_shape_back,-34.08496348,18.843436796,118
32_nthrn_line_shape_back,-34.086273478,18.84484273,119
32_nthrn_line_shape_back,-34.088028985,18.846335731,120
32_nthrn_line_shape_back,-34.090337595,18.847173737,121
32_nthrn_line_shape_back,-34.092652108,18.848006898,122
32_nthrn_line_shape_back,-34.093662519,18.849077474,123
32_nthrn_line_shape_back,-34.094500051,18.850493581,124
32_nthrn_line_shape_back,-34.094884351,18.852567185,125
32_nthrn_line_shape_back,-34.094797822,18.85391744,126
32_nthrn_line_shape_back,-34.094897307,18.855171344,127
32_nthrn_line_shape_back,-34.095335599,18.85620294,128
32_nthrn_line_shape_back,-34.096099411,18.856545064,129
32_nthrn_line_shape_back,-34.096916013,18.856675474,130
32_nthrn_line_shape_back,-34.097919773,18.856329285,131
32_nthrn_line_shape_back,-34.098683643,18.854626458,132
32_nthrn_line_shape_back,-34.099450973,18.852413788,133
32_nthrn_line_shape_back,-34.100549501,18.850655797,134
32_nthrn_line_shape_back,-34.102550937,18.848353065,135
32_nthrn_line_shape_back,-34.104567961,18.845837198,136
32_nthrn_line_shape_back,-34.106404002,18.843728301,137
32_nthrn_line_shape_back,-34.109530304,18.839646784,138
32_nthrn_line_shape_back,-34.112371308,18.836156185,139
32_nthrn_line_shape_back,-34.113331271,18.834555834,140
32_nthrn_line_shape_back,-34.115082653,18.832524965,141
32_centurycity_nthrn_line_shape,-33.92227653,18.427053749,1
32_centurycity_nthrn_line_shape,-33.923885652,18.429396451,2
32_centurycity_nthrn_line_shape,-33.924639645,18.430587709,3
32_centurycity_nthrn_line_shape,-33.92522288,18.432747903,4
32_centurycity_nthrn_line_shape,-33.925393247,18.435993023,5
32_centurycity_nthrn_line_shape,-33.925425669,18.438536225,6
32_centurycity_nthrn_line_shape,-33.925010687,18.440931526,7
32_centurycity_nthrn_line_shape,-33.924250673,18.443350178,8
32_centurycity_nthrn_line_shape,-33.924023404,18.444587648,9
32_centurycity_nthrn_line_shape,-33.923515591,18.447131809,10
32_centurycity_nthrn_line_shape,-33.923284872,18.449183244,11
32_centurycity_nthrn_line_shape,-33.922940241,18.450911639,12
32_centurycity_nthrn_line_shape,-33.922606155,18.452013186,13
32_centurycity_nthrn_line_shape,-33.922362129,18.453317251,14
32_centurycity_nthrn_line_shape,-33.922191029,18.455192049,15
32_centurycity_nthrn_line_shape,-33.922049079,18.456793452,16
32_centurycity_nthrn_line_shape,-33.922037268,18.458995968,17
32_centurycity_nthrn_line_shape,-33.922152719,18.4607677,18
32_centurycity_nthrn_line_shape,-33.922391887,18.462795135,19
32_centurycity_nthrn_line_shape,-33.92253904,18.464743247,20
32_centurycity_nthrn_line_shape,-33.922428562,18.466483714,21
32_centurycity_nthrn_line_shape,-33.92221163,18.468480287,22
32_centurycity_nthrn_line_shape,-33.921913099,18.470226728,23
32_centurycity_nthrn_line_shape,-33.921456803,18.472033168,24
32_centurycity_nthrn_line_shape,-33.921099675,18.473588951,25
32_centurycity_nthrn_line_shape,-33.920595018,18.474907539,26
32_centurycity_nthrn_line_shape,-33.920072785,18.476152795,27
32_centurycity_nthrn_line_shape,-33.91941617,18.477794253,28
32_centurycity_nthrn_line_shape,-33.918879735,18.479109129,29
32_centurycity_nthrn_line_shape,-33.918485111,18.481203684,30
32_centurycity_nthrn_line_shape,-33.9180794,18.48307574,31
32_centurycity_nthrn_line_shape,-33.91773333,18.484573882,32
32_centurycity_nthrn_line_shape,-33.91722137,18.486587552,33
32_centurycity_nthrn_line_shape,-33.916723061,18.488731636,34
32_centurycity_nthrn_line_shape,-33.916192954,18.490535983,35
32_centurycity_nthrn_line_shape,-33.915949919,18.491536813,36
32_centurycity_nthrn_line_shape,-33.915727044,18.492704186,37
32_centurycity_nthrn_line_shape,-33.91544085,18.494083287,38
32_centurycity_nthrn_line_shape,-33.915067972,18.4950381,39
32_centurycity_nthrn_line_shape,-33.914425916,18.496160068,40
32_centurycity_nthrn_line_shape,-33.913523739,18.497200895,41
32_centurycity_nthrn_line_shape,-33.912667767,18.498129775,42
32_centurycity_nthrn_line_shape,-33.911792414,18.499185065,43
32_centurycity_nthrn_line_shape,-33.911124708,18.499829459,44
32_centurycity_nthrn_line_shape,-33.909761166,18.501158758,45
32_centurycity_nthrn_line_shape,-33.90900945,18.502055464,46
32_centurycity_nthrn_line_shape,-33.907588195,18.50357917,47
32_centurycity_nthrn_line_shape,-33.906202997,18.505114282,48
32_centurycity_nthrn_line_shape,-33.904805078,18.5067101,49
32_centurycity_nthrn_line_shape,-33.902932031,18.508683369,50
32_centurycity_nthrn_line_shape,-33.902504047,18.509289898,51
32_centurycity_nthrn_line_shape,-33.902123656,18.510065622,52
32_centurycity_nthrn_line_shape,-33.901398903,18.511446383,53
32_centurycity_nthrn_line_shape,-33.901175799,18.511907807,54
32_centurycity_nthrn_line_shape,-33.900544279,18.51288371,55
32_centurycity_nthrn_line_shape,-33.899941431,18.514017422,56
32_centurycity_nthrn_line_shape,-33.899235825,18.515003453,57
32_centurycity_nthrn_line_shape,-33.898236483,18.516120521,58
32_centurycity_nthrn_line_shape,-33.897221603,18.517163923,59
32_centurycity_nthrn_line_shape,-33.896466623,18.517913825,60
32_centurycity_nthrn_line_shape,-33.895818395,18.518799931,61
32_centurycity_nthrn_line_shape,-33.895252163,18.519822551,62
32_centurycity_nthrn_line_shape,-33.894817154,18.52129619,63
32_centurycity_nthrn_line_shape,-33.894638817,18.523279186,64
32_centurycity_nthrn_line_shape,-33.894852572,18.525266803,65
32_centurycity_nthrn_line_shape,-33.894810101,18.527801588,66
32_centurycity_nthrn_line_shape,-33.894483389,18.530586604,67
32_centurycity_nthrn_line_shape,-33.893842593,18.534194165,68
32_centurycity_nthrn_line_shape,-33.892834569,18.539903996,69
32_centurycity_nthrn_line_shape,-33.892449547,18.542270789,70
32_centurycity_nthrn_line_shape,-33.89220057,18.543914249,71
32_centurycity_nthrn_line_shape,-33.892059444,18.545462272,72
32_centurycity_nthrn_line_shape,-33.89186366,18.547240074,73
32_centurycity_nthrn_line_shape,-33.891667318,18.549881611,74
32_centurycity_nthrn_line_shape,-33.891403746,18.552043893,75
32_centurycity_nthrn_line_shape,-33.89122556,18.554504885,76
32_centurycity_nthrn_line_shape,-33.890466543,18.558748481,77
32_centurycity_nthrn_line_shape,-33.889861798,18.561932683,78
32_centurycity_nthrn_line_shape,-33.889366903,18.564691113,79
32_centurycity_nthrn_line_shape,-33.889212803,18.567689855,80
32_centurycity_nthrn_line_shape,-33.88948904,18.570613411,81
32_centurycity_nthrn_line_shape,-33.891186105,18.574186842,82
32_centurycity_nthrn_line_shape,-33.894134713,18.580262401,83
32_centurycity_nthrn_line_shape,-33.896887932,18.586306415,84
32_centurycity_nthrn_line_shape,-33.897317499,18.589267165,85
32_centurycity_nthrn_line_shape,-33.898496969,18.598996194,86
32_centurycity_nthrn_line_shape,-33.899285684,18.605571121,87
32_centurycity_nthrn_line_shape,-33.900431656,18.607693312,88
32_centurycity_nthrn_line_shape,-33.903520712,18.612111774,89
32_centurycity_nthrn_line_shape,-33.904639937,18.616140722,90
32_centurycity_nthrn_line_shape,-33.905037007,18.618732366,91
32_centurycity_nthrn_line_shape,-33.905287295,18.621894586,92
32_centurycity_nthrn_line_shape,-33.905797564,18.624206388,93
32_centurycity_nthrn_line_shape,-33.90644613,18.627555322,94
32_centurycity_nthrn_line_shape,-33.90702738,18.630838277,95
32_centurycity_nthrn_line_shape,-33.907238117,18.632743479,96
32_centurycity_nthrn_line_shape,-33.907321227,18.634170188,97
32_centurycity_nthrn_line_shape,-33.909030977,18.639713091,98
32_centurycity_nthrn_line_shape,-33.910538195,18.644965058,99
32_centurycity_nthrn_line_shape,-33.912253315,18.651497035,100
32_centurycity_nthrn_line_shape,-33.913464258,18.656642614,101
32_centurycity_nthrn_line_shape,-33.914551653,18.65982569,102
32_centurycity_nthrn_line_shape,-33.915730332,18.662233135,103
32_centurycity_nthrn_line_shape,-33.917788586,18.664916302,104
32_centurycity_nthrn_line_shape,-33.921054546,18.667703235,105
32_centurycity_nthrn_line_shape,-33.923120791,18.669541231,106
32_centurycity_nthrn_line_shape,-33.928404664,18.67348173,107
32_centurycity_nthrn_line_shape,-33.933048871,18.67708977,108
32_centurycity_nthrn_line_shape,-33.9370087,18.680080196,109
32_centurycity_nthrn_line_shape,-33.942759637,18.68468686,110
32_centurycity_nthrn_line_shape,-33.947520883,18.688296576,111
32_centurycity_nthrn_line_shape,-33.953358082,18.692983294,112
32_centurycity_nthrn_line_shape,-33.960413289,18.698242442,113
32_centurycity_nthrn_line_shape,-33.963561063,18.700627849,114
32_centurycity_nthrn_line_shape,-33.967997165,18.704230033,115
32_centurycity_nthrn_line_shape,-33.97335795,18.708373098,116
32_centurycity_nthrn_line_shape,-33.977177953,18.711309938,117
32_centurycity_nthrn_line_shape,-33.984056935,18.716560145,118
32_centurycity_nthrn_line_shape,-33.988736144,18.720475515,119
32_centurycity_nthrn_line_shape,-33.994074072,18.724409285,120
32_centurycity_nthrn_line_shape,-33.998648482,18.728515059,121
32_centurycity_nthrn_line_shape,-34.000811484,18.731060948,122
32_centurycity_nthrn_line_shape,-34.00231609,18.733647619,123
32_centurycity_nthrn_line_shape,-34.003184241,18.734280599,124
32_centurycity_nthrn_line_shape,-34.005426736,18.734783362,125
32_centurycity_nthrn_line_shape,-34.008541374,18.73554777,126
32_centurycity_nthrn_line_shape,-34.011672593,18.737108535,127
32_centurycity_nthrn_line_shape,-34.015568245,18.738989217,128
32_centurycity_nthrn_line_shape,-34.01857377,18.740644923,129
32_centurycity_nthrn_line_shape,-34.021679098,18.742241259,130
32_centurycity_nthrn_line_shape,-34.024904912,18.744472819,131
32_centurycity_nthrn_line_shape,-34.025751676,18.745631837,132
32_centurycity_nthrn_line_shape,-34.026235475,18.747329599,133
32_centurycity_nthrn_line_shape,-34.027858659,18.750897353,134
32_centurycity_nthrn_line_shape,-34.029885358,18.752069229,135
32_centurycity_nthrn_line_shape,-34.033036607,18.753882928,136
32_centurycity_nthrn_line_shape,-34.035565644,18.75517485,137
32_centurycity_nthrn_line_shape,-34.037030657,18.756571065,138
32_centurycity_nthrn_line_shape,-34.038720633,18.758265629,139
32_centurycity_nthrn_line_shape,-34.04043382,18.759854012,140
32_centurycity_nthrn_line_shape,-34.040843273,18.760225717,141
32_centurycity_nthrn_line_shape,-34.041650935,18.761568174,142
32_centurycity_nthrn_line_shape,-34.042872896,18.764117301,143
32_centurycity_nthrn_line_shape,-34.04533231,18.769794301,144
32_centurycity_nthrn_line_shape,-34.046931026,18.773732418,145
32_centurycity_nthrn_line_shape,-34.049158894,18.780145504,146
32_centurycity_nthrn_line_shape,-34.050866743,18.784753353,147
32_centurycity_nthrn_line_shape,-34.052432454,18.78756721,148
32_centurycity_nthrn_line_shape,-34.054337383,18.790690013,149
32_centurycity_nthrn_line_shape,-34.056675975,18.794295173,150
32_centurycity_nthrn_line_shape,-34.060341951,18.800253676,151
32_centurycity_nthrn_line_shape,-34.063892347,18.805943758,152
32_centurycity_nthrn_line_shape,-34.066646485,18.810037971,153
32_centurycity_nthrn_line_shape,-34.070117707,18.81577223,154
32_centurycity_nthrn_line_shape,-34.07323553,18.820994331,155
32_centurycity_nthrn_line_shape,-34.075580827,18.824824592,156
32_centurycity_nthrn_line_shape,-34.078240127,18.828655111,157
32_centurycity_nthrn_line_shape,-34.080406457,18.832309609,158
32_centurycity_nthrn_line_shape,-34.081571533,18.834164654,159
32_centurycity_nthrn_line_shape,-34.082886952,18.837829458,160
32_centurycity_nthrn_line_shape,-34.083783892,18.840306515,161
32_centurycity_nthrn_line_shape,-34.08496348,18.843436796,162
32_centurycity_nthrn_line_shape,-34.086273478,18.84484273,163
32_centurycity_nthrn_line_shape,-34.088028985,18.846335731,164
32_centurycity_nthrn_line_shape,-34.090337595,18.847173737,165
32_centurycity_nthrn_line_shape,-34.092652108,18.848006898,166
32_centurycity_nthrn_line_shape,-34.093662519,18.849077474,167
32_centurycity_nthrn_line_shape,-34.094500051,18.850493581,168
32_centurycity_nthrn_line_shape,-34.094884351,18.852567185,169
32_centurycity_nthrn_line_shape,-34.094797822,18.85391744,170
32_centurycity_nthrn_line_shape,-34.094897307,18.855171344,171
32_centurycity_nthrn_line_shape,-34.095335599,18.85620294,172
32_centurycity_nthrn_line_shape,-34.096099411,18.856545064,173
32_centurycity_nthrn_line_shape,-34.096916013,18.856675474,174
32_centurycity_nthrn_line_shape,-34.097919773,18.856329285,175
32_centurycity_nthrn_line_shape,-34.098683643,18.854626458,176
32_centurycity_nthrn_line_shape,-34.099450973,18.852413788,177
32_centurycity_nthrn_line_shape,-34.100549501,18.850655797,178
32_centurycity_nthrn_line_shape,-34.102550937,18.848353065,179
32_centurycity_nthrn_line_shape,-34.104567961,18.845837198,180
32_centurycity_nthrn_line_shape,-34.106404002,18.843728301,181
32_centurycity_nthrn_line_shape,-34.109530304,18.839646784,182
32_centurycity_nthrn_line_shape,-34.112371308,18.836156185,183
32_centurycity_nthrn_line_shape,-34.113331271,18.834555834,184
32_centurycity_nthrn_line_shape,-34.115082653,18.832524965,185
32_centurycity_nthrn_line_shape_back,-34.115082653,18.832524965,1
32_centurycity_nthrn_line_shape_back,-34.113331271,18.834555834,2
32_centurycity_nthrn_line_shape_back,-34.112371308,18.836156185,3
32_centurycity_nthrn_line_shape_back,-34.109530304,18.839646784,4
32_centurycity_nthrn_line_shape_back,-34.106404002,18.843728301,5
32_centurycity_nthrn_line_shape_back,-34.104567961,18.845837198,6
32_centurycity_nthrn_line_shape_back,-34.102550937,18.848353065,7
32_centurycity_nthrn_line_shape_back,-34.100549501,18.850655797,8
32_centurycity_nthrn_line_shape_back,-34.099450973,18.852413788,9
32_centurycity_nthrn_line_shape_back,-34.098683643,18.854626458,10
32_centurycity_nthrn_line_shape_back,-34.097919773,18.856329285,11
32_centurycity_nthrn_line_shape_back,-34.096916013,18.856675474,12
32_centurycity_nthrn_line_shape_back,-34.096099411,18.856545064,13
32_centurycity_nthrn_line_shape_back,-34.095335599,18.85620294,14
32_centurycity_nthrn_line_shape_back,-34.094897307,18.855171344,15
32_centurycity_nthrn_line_shape_back,-34.094797822,18.85391744,16
32_centurycity_nthrn_line_shape_back,-34.094884351,18.852567185,17
32_centurycity_nthrn_line_shape_back,-34.094500051,18.850493581,18
32_centurycity_nthrn_line_shape_back,-34.093662519,18.849077474,19
32_centurycity_nthrn_line_shape_back,-34.092652108,18.848006898,20
32_centurycity_nthrn_line_shape_back,-34.090337595,18.847173737,21
32_centurycity_nthrn_line_shape_back,-34.088028985,18.846335731,22
32_centurycity_nthrn_line_shape_back,-34.086273478,18.84484273,23
32_centurycity_nthrn_line_shape_back,-34.08496348,18.843436796,24
32_centurycity_nthrn_line_shape_back,-34.083783892,18.840306515,25
32_centurycity_nthrn_line_shape_back,-34.082886952,18.837829458,26
32_centurycity_nthrn_line_shape_back,-34.081571533,18.834164654,27
32_centurycity_nthrn_line_shape_back,-34.080406457,18.832309609,28
32_centurycity_nthrn_line_shape_back,-34.078240127,18.828655111,29
32_centurycity_nthrn_line_shape_back,-34.075580827,18.824824592,30
32_centurycity_nthrn_line_shape_back,-34.07323553,18.820994331,31
32_centurycity_nthrn_line_shape_back,-34.070117707,18.81577223,32
32_centurycity_nthrn_line_shape_back,-34.066646485,18.810037971,33
32_centurycity_nthrn_line_shape_back,-34.063892347,18.805943758,34
32_centurycity_nthrn_line_shape_back,-34.060341951,18.800253676,35
32_centurycity_nthrn_line_shape_back,-34.056675975,18.794295173,36
32_centurycity_nthrn_line_shape_back,-34.054337383,18.790690013,37
32_centurycity_nthrn_line_shape_back,-34.052432454,18.78756721,38
32_centurycity_nthrn_line_shape_back,-34.050866743,18.784753353,39
32_centurycity_nthrn_line_shape_back,-34.049158894,18.780145504,40
32_centurycity_nthrn_line_shape_back,-34.046931026,18.773732418,41
32_centurycity_nthrn_line_shape_back,-34.04533231,18.769794301,42
32_centurycity_nthrn_line_shape_back,-34.042872896,18.764117301,43
32_centurycity_nthrn_line_shape_back,-34.041650935,18.761568174,44
32_centurycity_nthrn_line_shape_back,-34.040843273,18.760225717,45
32_centurycity_nthrn_line_shape_back,-34.04043382,18.759854012,46
32_centurycity_nthrn_line_shape_back,-34.038720633,18.758265629,47
32_centurycity_nthrn_line_shape_back,-34.037030657,18.756571065,48
32_centurycity_nthrn_line_shape_back,-34.035565644,18.75517485,49
32_centurycity_nthrn_line_shape_back,-34.033036607,18.753882928,50
32_centurycity_nthrn_line_shape_back,-34.029885358,18.752069229,51
32_centurycity_nthrn_line_shape_back,-34.027858659,18.750897353,52
32_centurycity_nthrn_line_shape_back,-34.026235475,18.747329599,53
32_centurycity_nthrn_line_shape_back,-34.025751676,18.745631837,54
32_centurycity_nthrn_line_shape_back,-34.024904912,18.744472819,55
32_centurycity_nthrn_line_shape_back,-34.021679098,18.742241259,56
32_centurycity_nthrn_line_shape_back,-34.01857377,18.740644923,57
32_centurycity_nthrn_line_shape_back,-34.015568245,18.738989217,58
32_centurycity_nthrn_line_shape_back,-34.011672593,18.737108535,59
32_centurycity_nthrn_line_shape_back,-34.008541374,18.73554777,60
32_centurycity_nthrn_line_shape_back,-34.005426736,18.734783362,61
32_centurycity_nthrn_line_shape_back,-34.003184241,18.734280599,62
32_centurycity_nthrn_line_shape_back,-34.00231609,18.733647619,63
32_centurycity_nthrn_line_shape_back,-34.000811484,18.731060948,64
32_centurycity_nthrn_line_shape_back,-33.998648482,18.728515059,65
32_centurycity_nthrn_line_shape_back,-33.994074072,18.724409285,66
32_centurycity_nthrn_line_shape_back,-33.988736144,18.720475515,67
32_centurycity_nthrn_line_shape_back,-33.984056935,18.716560145,68
32_centurycity_nthrn_line_shape_back,-33.977177953,18.711309938,69
32_centurycity_nthrn_line_shape_back,-33.97335795,18.708373098,70
32_centurycity_nthrn_line_shape_back,-33.967997165,18.704230033,71
32_centurycity_nthrn_line_shape_back,-33.963561063,18.700627849,72
32_centurycity_nthrn_line_shape_back,-33.960413289,18.698242442,73
32_centurycity_nthrn_line_shape_back,-33.953358082,18.692983294,74
32_centurycity_nthrn_line_shape_back,-33.947520883,18.688296576,75
32_centurycity_nthrn_line_shape_back,-33.942759637,18.68468686,76
32_centurycity_nthrn_line_shape_back,-33.9370087,18.680080196,77
32_centurycity_nthrn_line_shape_back,-33.933048871,18.67708977,78
32_centurycity_nthrn_line_shape_back,-33.928404664,18.67348173,79
32_centurycity_nthrn_line_shape_back,-33.923120791,18.669541231,80
32_centurycity_nthrn_line_shape_back,-33.921054546,18.667703235,81
32_centurycity_nthrn_line_shape_back,-33.917788586,18.664916302,82
32_centurycity_nthrn_line_shape_back,-33.915730332,18.662233135,83
32_centurycity_nthrn_line_shape_back,-33.914551653,18.65982569,84
32_centurycity_nthrn_line_shape_back,-33.913464258,18.656642614,85
32_centurycity_nthrn_line_shape_back,-33.912253315,18.651497035,86
32_centurycity_nthrn_line_shape_back,-33.910538195,18.644965058,87
32_centurycity_nthrn_line_shape_back,-33.909030977,18.639713091,88
32_centurycity_nthrn_line_shape_back,-33.907321227,18.634170188,89
32_centurycity_nthrn_line_shape_back,-33.907238117,18.632743479,90
32_centurycity_nthrn_line_shape_back,-33.90702738,18.630838277,91
32_centurycity_nthrn_line_shape_back,-33.90644613,18.627555322,92
32_centurycity_nthrn_line_shape_back,-33.905797564,18.624206388,93
32_centurycity_nthrn_line_shape_back,-33.905287295,18.621894586,94
32_centurycity_nthrn_line_shape_back,-33.905037007,18.618732366,95
32_centurycity_nthrn_line_shape_back,-33.904639937,18.616140722,96
32_centurycity_nthrn_line_shape_back,-33.903520712,18.612111774,97
32_centurycity_nthrn_line_shape_back,-33.900431656,18.607693312,98
32_centurycity_nthrn_line_shape_back,-33.899285684,18.605571121,99
32_centurycity_nthrn_line_shape_back,-33.898496969,18.598996194,100
32_centurycity_nthrn_line_shape_back,-33.897317499,18.589267165,101
32_centurycity_nthrn_line_shape_back,-33.896887932,18.586306415,102
32_centurycity_nthrn_line_shape_back,-33.894134713,18.580262401,103
32_centurycity_nthrn_line_shape_back,-33.891186105,18.574186842,104
32_centurycity_nthrn_line_shape_back,-33.88948904,18.570613411,105
32_centurycity_nthrn_line_shape_back,-33.889212803,18.567689855,106
32_centurycity_nthrn_line_shape_back,-33.889366903,18.564691113,107
32_centurycity_nthrn_line_shape_back,-33.889861798,18.561932683,108
32_centurycity_nthrn_line_shape_back,-33.890466543,18.558748481,109
32_centurycity_nthrn_line_shape_back,-33.89122556,18.554504885,110
32_centurycity_nthrn_line_shape_back,-33.891403746,18.552043893,111
32_centurycity_nthrn_line_shape_back,-33.891667318,18.549881611,112
32_centurycity_nthrn_line_shape_back,-33.89186366,18.547240074,113
32_centurycity_nthrn_line_shape_back,-33.892059444,18.545462272,114
32_centurycity_nthrn_line_shape_back,-33.89220057,18.543914249,115
32_centurycity_nthrn_line_shape_back,-33.892449547,18.542270789,116
32_centurycity_nthrn_line_shape_back,-33.892834569,18.539903996,117
32_centurycity_nthrn_line_shape_back,-33.893842593,18.534194165,118
32_centurycity_nthrn_line_shape_back,-33.894483389,18.530586604,119
32_centurycity_nthrn_line_shape_back,-33.894810101,18.527801588,120
32_centurycity_nthrn_line_shape_back,-33.894852572,18.525266803,121
32_centurycity_nthrn_line_shape_back,-33.894638817,18.523279186,122
32_centurycity_nthrn_line_shape_back,-33.894817154,18.52129619,123
32_centurycity_nthrn_line_shape_back,-33.895252163,18.519822551,124
32_centurycity_nthrn_line_shape_back,-33.895818395,18.518799931,125
32_centurycity_nthrn_line_shape_back,-33.896466623,18.517913825,126
32_centurycity_nthrn_line_shape_back,-33.897221603,18.517163923,127
32_centurycity_nthrn_line_shape_back,-33.898236483,18.516120521,128
32_centurycity_nthrn_line_shape_back,-33.899235825,18.515003453,129
32_centurycity_nthrn_line_shape_back,-33.899941431,18.514017422,130
32_centurycity_nthrn_line_shape_back,-33.900544279,18.51288371,131
32_centurycity_nthrn_line_shape_back,-33.901175799,18.511907807,132
32_centurycity_nthrn_line_shape_back,-33.901398903,18.511446383,133
32_centurycity_nthrn_line_shape_back,-33.902123656,18.510065622,134
32_centurycity_nthrn_line_shape_back,-33.902504047,18.509289898,135
32_centurycity_nthrn_line_shape_back,-33.902932031,18.508683369,136
32_centurycity_nthrn_line_shape_back,-33.904805078,18.5067101,137
32_centurycity_nthrn_line_shape_back,-33.906202997,18.505114282,138
32_centurycity_nthrn_line_shape_back,-33.907588195,18.50357917,139
32_centurycity_nthrn_line_shape_back,-33.90900945,18.502055464,140
32_centurycity_nthrn_line_shape_back,-33.909761166,18.501158758,141
32_centurycity_nthrn_line_shape_back,-33.911124708,18.499829459,142
32_centurycity_nthrn_line_shape_back,-33.911792414,18.499185065,143
32_centurycity_nthrn_line_shape_back,-33.912667767,18.498129775,144
32_centurycity_nthrn_line_shape_back,-33.913523739,18.497200895,145
32_centurycity_nthrn_line_shape_back,-33.914425916,18.496160068,146
32_centurycity_nthrn_line_shape_back,-33.915067972,18.4950381,147
32_centurycity_nthrn_line_shape_back,-33.91544085,18.494083287,148
32_centurycity_nthrn_line_shape_back,-33.915727044,18.492704186,149
32_centurycity_nthrn_line_shape_back,-33.915949919,18.491536813,150
32_centurycity_nthrn_line_shape_back,-33.916192954,18.490535983,151
32_centurycity_nthrn_line_shape_back,-33.916723061,18.488731636,152
32_centurycity_nthrn_line_shape_back,-33.91722137,18.486587552,153
32_centurycity_nthrn_line_shape_back,-33.91773333,18.484573882,154
32_centurycity_nthrn_line_shape_back,-33.9180794,18.48307574,155
32_centurycity_nthrn_line_shape_back,-33.918485111,18.481203684,156
32_centurycity_nthrn_line_shape_back,-33.918879735,18.479109129,157
32_centurycity_nthrn_line_shape_back,-33.91941617,18.477794253,158
32_centurycity_nthrn_line_shape_back,-33.920072785,18.476152795,159
32_centurycity_nthrn_line_shape_back,-33.920595018,18.474907539,160
32_centurycity_nthrn_line_shape_back,-33.921099675,18.473588951,161
32_centurycity_nthrn_line_shape_back,-33.921456803,18.472033168,162
32_centurycity_nthrn_line_shape_back,-33.921913099,18.470226728,163
32_centurycity_nthrn_line_shape_back,-33.92221163,18.468480287,164
32_centurycity_nthrn_line_shape_back,-33.922428562,18.466483714,165
32_centurycity_nthrn_line_shape_back,-33.92253904,18.464743247,166
32_centurycity_nthrn_line_shape_back,-33.922391887,18.462795135,167
32_centurycity_nthrn_line_shape_back,-33.922152719,18.4607677,168
32_centurycity_nthrn_line_shape_back,-33.922037268,18.458995968,169
32_centurycity_nthrn_line_shape_back,-33.922049079,18.456793452,170
32_centurycity_nthrn_line_shape_back,-33.922191029,18.455192049,171
32_centurycity_nthrn_line_shape_back,-33.922362129,18.453317251,172
32_centurycity_nthrn_line_shape_back,-33.922606155,18.452013186,173
32_centurycity_nthrn_line_shape_back,-33.922940241,18.450911639,174
32_centurycity_nthrn_line_shape_back,-33.923284872,18.449183244,175
32_centurycity_nthrn_line_shape_back,-33.923515591,18.447131809,176
32_centurycity_nthrn_line_shape_back,-33.924023404,18.444587648,177
32_centurycity_nthrn_line_shape_back,-33.924250673,18.443350178,178
32_centurycity_nthrn_line_shape_back,-33.925010687,18.440931526,179
32_centurycity_nthrn_line_shape_back,-33.925425669,18.438536225,180
32_centurycity_nthrn_line_shape_back,-33.925393247,18.435993023,181
32_centurycity_nthrn_line_shape_back,-33.92522288,18.432747903,182
32_centurycity_nthrn_line_shape_back,-33.924639645,18.430587709,183
32_centurycity_nthrn_line_shape_back,-33.923885652,18.429396451,184
32_centurycity_nthrn_line_shape_back,-33.92227653,18.427053749,185
99_chrishani,-33.922640744,18.426413442,1
99_chrishani,-33.924360439,18.428938921,2
99_chrishani,-33.925467629,18.43386986,3
99_chrishani,-33.925492545,18.43887435,4
99_chrishani,-33.924691462,18.442453176,5
99_chrishani,-33.924278072,18.443655033,6
99_chrishani,-33.924000745,18.4455913,7
99_chrishani,-33.923398581,18.449101681,8
99_chrishani,-33.922463011,18.45297906,9
99_chrishani,-33.92218078,18.455683452,10
99_chrishani,-33.922208503,18.459223006,11
99_chrishani,-33.922671454,18.463307613,12
99_chrishani,-33.922559249,18.466590928,13
99_chrishani,-33.922285139,18.468863798,14
99_chrishani,-33.921610197,18.471750503,15
99_chrishani,-33.920893996,18.474936146,16
99_chrishani,-33.920050211,18.47710105,17
99_chrishani,-33.919243387,18.478977213,18
99_chrishani,-33.917023137,18.487871281,19
99_chrishani,-33.916352846,18.49144974,20
99_chrishani,-33.916260099,18.493092091,21
99_chrishani,-33.916648393,18.495539383,22
99_chrishani,-33.918623399,18.499567913,23
99_chrishani,-33.919696335,18.50113056,24
99_chrishani,-33.921327259,18.502586421,25
99_chrishani,-33.922952987,18.503985263,26
99_chrishani,-33.92311254,18.505641802,27
99_chrishani,-33.922738738,18.510271743,28
99_chrishani,-33.922288439,18.513548223,29
99_chrishani,-33.922156696,18.51494281,30
99_chrishani,-33.922361718,18.516080495,31
99_chrishani,-33.922868206,18.517176876,32
99_chrishani,-33.923736278,18.517891191,33
99_chrishani,-33.92700967,18.520557619,34
99_chrishani,-33.929163129,18.521995409,35
99_chrishani,-33.930808598,18.522707169,36
99_chrishani,-33.932488726,18.522908324,37
99_chrishani,-33.933545426,18.522947413,38
99_chrishani,-33.934309336,18.522794205,39
99_chrishani,-33.935646844,18.523243164,40
99_chrishani,-33.936793033,18.524296501,41
99_chrishani,-33.937602941,18.526050764,42
99_chrishani,-33.938552615,18.528729998,43
99_chrishani,-33.939178821,18.530360166,44
99_chrishani,-33.939937687,18.532950914,45
99_chrishani,-33.940690833,18.536515248,46
99_chrishani,-33.941353843,18.540577571,47
99_chrishani,-33.941613657,18.543371195,48
99_chrishani,-33.941734194,18.545159699,49
99_chrishani,-33.941913468,18.547898078,50
99_chrishani,-33.942069801,18.550300454,51
99_chrishani,-33.942408094,18.554758384,52
99_chrishani,-33.942627022,18.556674396,53
99_chrishani,-33.942773776,18.558464535,54
99_chrishani,-33.943289554,18.560302071,55
99_chrishani,-33.94418008,18.56146288,56
99_chrishani,-33.945540979,18.562275718,57
99_chrishani,-33.94713166,18.56284188,58
99_chrishani,-33.948634955,18.563428398,59
99_chrishani,-33.950306361,18.56389068,60
99_chrishani,-33.952016999,18.563804365,61
99_chrishani,-33.953351013,18.563678658,62
99_chrishani,-33.9551511,18.563415179,63
99_chrishani,-33.956891743,18.563241941,64
99_chrishani,-33.958939848,18.56292021,65
99_chrishani,-33.961107617,18.562717953,66
99_chrishani,-33.964128305,18.562444777,67
99_chrishani,-33.966153598,18.562173091,68
99_chrishani,-33.968609672,18.562062002,69
99_chrishani,-33.970519782,18.56188412,70
99_chrishani,-33.97222279,18.561668488,71
99_chrishani,-33.973994892,18.561442753,72
99_chrishani,-33.976380515,18.561192607,73
99_chrishani,-33.979662336,18.56091818,74
99_chrishani,-33.982635658,18.560633345,75
99_chrishani,-33.986602929,18.560382996,76
99_chrishani,-33.989441176,18.560092961,77
99_chrishani,-33.992699312,18.559914212,78
99_chrishani,-33.994793824,18.559684613,79
99_chrishani,-33.997059423,18.559512621,80
99_chrishani,-33.998232315,18.559541046,81
99_chrishani,-33.999794577,18.560270924,82
99_chrishani,-34.001706444,18.561832133,83
99_chrishani,-34.003669312,18.563455788,84
99_chrishani,-34.005284067,18.564342239,85
99_chrishani,-34.006635293,18.564767013,86
99_chrishani,-34.0084024,18.565376524,87
99_chrishani,-34.009902462,18.56637462,88
99_chrishani,-34.010944937,18.567554227,89
99_chrishani,-34.011845912,18.56887066,90
99_chrishani,-34.012660133,18.570090103,91
99_chrishani,-34.013350111,18.57143613,92
99_chrishani,-34.013740554,18.57285068,93
99_chrishani,-34.013982763,18.574200557,94
99_chrishani,-34.013947637,18.576976122,95
99_chrishani,-34.013447617,18.584675173,96
99_chrishani,-34.012863463,18.592374774,97
99_chrishani,-34.012791388,18.594162495,98
99_chrishani,-34.013097374,18.596180243,99
99_chrishani,-34.013916047,18.598490218,100
99_chrishani,-34.014965435,18.601190512,101
99_chrishani,-34.014918101,18.602794198,102
99_chrishani,-34.014399776,18.605600892,103
99_chrishani,-34.014050704,18.607597564,104
99_chrishani,-34.013874087,18.609366369,105
99_chrishani,-34.014019066,18.610249893,106
99_chrishani,-34.014312919,18.611395697,107
99_chrishani,-34.015044827,18.612810357,108
99_chrishani,-34.017046457,18.61620962,109
99_chrishani,-34.018631272,18.619292823,110
99_chrishani,-34.019102071,18.622086938,111
99_chrishani,-34.018926706,18.624399602,112
99_chrishani,-34.018626058,18.629178526,113
99_chrishani,-34.018161501,18.634218164,114
99_chrishani,-34.017907488,18.637320728,115
99_chrishani,-34.01773424,18.640105381,116
99_chrishani,-34.017309412,18.644650471,117
99_chrishani,-34.016997228,18.648959882,118
99_chrishani,-34.016880467,18.649754514,119
99_chrishani,-34.016825993,18.650403889,120
99_chrishani,-34.016778225,18.651577665,121
99_chrishani,-34.016769738,18.652318587,122
99_chrishani,-34.016884312,18.653265985,123
99_chrishani,-34.017052039,18.654157434,124
99_chrishani,-34.017509427,18.656112268,125
99_chrishani,-34.01798732,18.657956755,126
99_chrishani,-34.01832428,18.658677186,127
99_chrishani,-34.018717678,18.659316015,128
99_chrishani,-34.019140194,18.659796024,129
99_chrishani,-34.019689456,18.660298996,130
99_chrishani,-34.020325742,18.66072779,131
99_chrishani,-34.021137519,18.661032274,132
99_chrishani,-34.021723876,18.66126156,133
99_chrishani,-34.022515751,18.661501257,134
99_chrishani,-34.023376061,18.661809183,135
99_chrishani,-34.023945657,18.662051613,136
99_chrishani,-34.024597077,18.662285767,137
99_chrishani,-34.025236904,18.662521327,138
99_chrishani,-34.025947203,18.662793221,139
99_chrishani,-34.026874061,18.663106801,140
99_chrishani,-34.027274224,18.663254384,141
99_chrishani,-34.027659621,18.663406056,142
99_chrishani,-34.028342015,18.663672247,143
99_chrishani,-34.029184727,18.663974582,144
99_chrishani,-34.029777352,18.664169998,145
99_chrishani,-34.030425283,18.664407965,146
99_chrishani,-34.031119455,18.66470137,147
99_chrishani,-34.031488736,18.66479443,148
99_chrishani,-34.032067953,18.664996278,149
99_chrishani,-34.032729361,18.665268933,150
99_chrishani,-34.033361928,18.665502846,151
99_chrishani,-34.033975607,18.665686163,152
99_chrishani,-34.034798348,18.665995226,153
99_chrishani,-34.035869884,18.666409797,154
99_chrishani,-34.036545746,18.666632939,155
99_chrishani,-34.037288271,18.666884147,156
99_chrishani,-34.038223712,18.667243632,157
99_chrishani,-34.039087785,18.667563277,158
99_chrishani,-34.039820963,18.667830996,159
99_chrishani,-34.041107029,18.668305174,160
99_chrishani,-34.041991188,18.668620058,161
99_chrishani,-34.042812448,18.668890541,162
99_chrishani,-34.043713238,18.669259599,163
99_chrishani,-34.04472034,18.669589878,164
99_chrishani,-34.045771799,18.669985198,165
99_chrishani,-34.047282095,18.670520759,166
99_chrishani,-34.047639965,18.670660452,167
99_chrishani,-34.048075973,18.670808789,168
99_chrishani,-34.048857589,18.671107575,169
99_chrishani,-34.049547262,18.671350221,170
99_chrishani,-34.05022053,18.671596855,171
99_chrishani,-34.051301622,18.67204469,172
99_chrishani,-34.051989113,18.672442735,173
99_chrishani,-34.052327046,18.672725792,174
99_chrishani,-34.053015674,18.67331048,175
99_chrishani,-34.053479751,18.67391199,176
99_chrishani,-34.053944496,18.67457476,177
99_chrishani,-34.054394214,18.675580235,178
99_chrishani,-34.054817101,18.677002973,179
99_chrishani,-34.054985166,18.678120041,180
99_chrishani,-34.055004923,18.679009997,181
99_chrishani,-34.054967304,18.680999658,182
99_chrishani,-34.054962372,18.684420673,183
99_chrishani,-34.054928646,18.688006843,184
99_chrishani,-34.054945833,18.690270054,185
99_chrishani,-34.054943556,18.693805521,186
99_chrishani,-34.054952073,18.694808466,187
99_chrishani,-34.054930181,18.696213764,188
99_chrishani,-34.054894344,18.697537966,189
99_chrishani,-34.054830007,18.699163193,190
99_chrishani,-34.054836704,18.701655085,191
99_chrishani,-34.054816604,18.703417226,192
99_chrishani,-34.054804102,18.704510559,193
99_chrishani,-34.054799333,18.707206566,194
99_chrishani,-34.054774971,18.710600351,195
99_chrishani_back,-34.054774971,18.710600351,1
99_chrishani_back,-34.054799333,18.707206566,2
99_chrishani_back,-34.054804102,18.704510559,3
99_chrishani_back,-34.054816604,18.703417226,4
99_chrishani_back,-34.054836704,18.701655085,5
99_chrishani_back,-34.054830007,18.699163193,6
99_chrishani_back,-34.054894344,18.697537966,7
99_chrishani_back,-34.054930181,18.696213764,8
99_chrishani_back,-34.054952073,18.694808466,9
99_chrishani_back,-34.054943556,18.693805521,10
99_chrishani_back,-34.054945833,18.690270054,11
99_chrishani_back,-34.054928646,18.688006843,12
99_chrishani_back,-34.054962372,18.684420673,13
99_chrishani_back,-34.054967304,18.680999658,14
99_chrishani_back,-34.055004923,18.679009997,15
99_chrishani_back,-34.054985166,18.678120041,16
99_chrishani_back,-34.054817101,18.677002973,17
99_chrishani_back,-34.054394214,18.675580235,18
99_chrishani_back,-34.053944496,18.67457476,19
99_chrishani_back,-34.053479751,18.67391199,20
99_chrishani_back,-34.053015674,18.67331048,21
99_chrishani_back,-34.052327046,18.672725792,22
99_chrishani_back,-34.051989113,18.672442735,23
99_chrishani_back,-34.051301622,18.67204469,24
99_chrishani_back,-34.05022053,18.671596855,25
99_chrishani_back,-34.049547262,18.671350221,26
99_chrishani_back,-34.048857589,18.671107575,27
99_chrishani_back,-34.048075973,18.670808789,28
99_chrishani_back,-34.047639965,18.670660452,29
99_chrishani_back,-34.047282095,18.670520759,30
99_chrishani_back,-34.045771799,18.669985198,31
99_chrishani_back,-34.04472034,18.669589878,32
99_chrishani_back,-34.043713238,18.669259599,33
99_chrishani_back,-34.042812448,18.668890541,34
99_chrishani_back,-34.041991188,18.668620058,35
99_chrishani_back,-34.041107029,18.668305174,36
99_chrishani_back,-34.039820963,18.667830996,37
99_chrishani_back,-34.039087785,18.667563277,38
99_chrishani_back,-34.038223712,18.667243632,39
99_chrishani_back,-34.037288271,18.666884147,40
99_chrishani_back,-34.036545746,18.666632939,41
99_chrishani_back,-34.035869884,18.666409797,42
99_chrishani_back,-34.034798348,18.665995226,43
99_chrishani_back,-34.033975607,18.665686163,44
99_chrishani_back,-34.033361928,18.665502846,45
99_chrishani_back,-34.032729361,18.665268933,46
99_chrishani_back,-34.032067953,18.664996278,47
99_chrishani_back,-34.031488736,18.66479443,48
99_chrishani_back,-34.031119455,18.66470137,49
99_chrishani_back,-34.030425283,18.664407965,50
99_chrishani_back,-34.029777352,18.664169998,51
99_chrishani_back,-34.029184727,18.663974582,52
99_chrishani_back,-34.028342015,18.663672247,53
99_chrishani_back,-34.027659621,18.663406056,54
99_chrishani_back,-34.027274224,18.663254384,55
99_chrishani_back,-34.026874061,18.663106801,56
99_chrishani_back,-34.025947203,18.662793221,57
99_chrishani_back,-34.025236904,18.662521327,58
99_chrishani_back,-34.024597077,18.662285767,59
99_chrishani_back,-34.023945657,18.662051613,60
99_chrishani_back,-34.023376061,18.661809183,61
99_chrishani_back,-34.022515751,18.661501257,62
99_chrishani_back,-34.021723876,18.66126156,63
99_chrishani_back,-34.021137519,18.661032274,64
99_chrishani_back,-34.020325742,18.66072779,65
99_chrishani_back,-34.019689456,18.660298996,66
99_chrishani_back,-34.019140194,18.659796024,67
99_chrishani_back,-34.018717678,18.659316015,68
99_chrishani_back,-34.01832428,18.658677186,69
99_chrishani_back,-34.01798732,18.657956755,70
99_chrishani_back,-34.017509427,18.656112268,71
99_chrishani_back,-34.017052039,18.654157434,72
99_chrishani_back,-34.016884312,18.653265985,73
99_chrishani_back,-34.016769738,18.652318587,74
99_chrishani_back,-34.016778225,18.651577665,75
99_chrishani_back,-34.016825993,18.650403889,76
99_chrishani_back,-34.016880467,18.649754514,77
99_chrishani_back,-34.016997228,18.648959882,78
99_chrishani_back,-34.017309412,18.644650471,79
99_chrishani_back,-34.01773424,18.640105381,80
99_chrishani_back,-34.017907488,18.637320728,81
99_chrishani_back,-34.018161501,18.634218164,82
99_chrishani_back,-34.018626058,18.629178526,83
99_chrishani_back,-34.018926706,18.624399602,84
99_chrishani_back,-34.019102071,18.622086938,85
99_chrishani_back,-34.018631272,18.619292823,86
99_chrishani_back,-34.017046457,18.61620962,87
99_chrishani_back,-34.015044827,18.612810357,88
99_chrishani_back,-34.014312919,18.611395697,89
99_chrishani_back,-34.014019066,18.610249893,90
99_chrishani_back,-34.013874087,18.609366369,91
99_chrishani_back,-34.014050704,18.607597564,92
99_chrishani_back,-34.014399776,18.605600892,93
99_chrishani_back,-34.014918101,18.602794198,94
99_chrishani_back,-34.014965435,18.601190512,95
99_chrishani_back,-34.013916047,18.598490218,96
99_chrishani_back,-34.013097374,18.596180243,97
99_chrishani_back,-34.012791388,18.594162495,98
99_chrishani_back,-34.012863463,18.592374774,99
99_chrishani_back,-34.013447617,18.584675173,100
99_chrishani_back,-34.013947637,18.576976122,101
99_chrishani_back,-34.013982763,18.574200557,102
99_chrishani_back,-34.013740554,18.57285068,103
99_chrishani_back,-34.013350111,18.57143613,104
99_chrishani_back,-34.012660133,18.570090103,105
99_chrishani_back,-34.011845912,18.56887066,106
99_chrishani_back,-34.010944937,18.567554227,107
99_chrishani_back,-34.009902462,18.56637462,108
99_chrishani_back,-34.0084024,18.565376524,109
99_chrishani_back,-34.006635293,18.564767013,110
99_chrishani_back,-34.005284067,18.564342239,111
99_chrishani_back,-34.003669312,18.563455788,112
99_chrishani_back,-34.001706444,18.561832133,113
99_chrishani_back,-33.999794577,18.560270924,114
99_chrishani_back,-33.998232315,18.559541046,115
99_chrishani_back,-33.997059423,18.559512621,116
99_chrishani_back,-33.994793824,18.559684613,117
99_chrishani_back,-33.992699312,18.559914212,118
99_chrishani_back,-33.989441176,18.560092961,119
99_chrishani_back,-33.986602929,18.560382996,120
99_chrishani_back,-33.982635658,18.560633345,121
99_chrishani_back,-33.979662336,18.56091818,122
99_chrishani_back,-33.976380515,18.561192607,123
99_chrishani_back,-33.973994892,18.561442753,124
99_chrishani_back,-33.97222279,18.561668488,125
99_chrishani_back,-33.970519782,18.56188412,126
99_chrishani_back,-33.968609672,18.562062002,127
99_chrishani_back,-33.966153598,18.562173091,128
99_chrishani_back,-33.964128305,18.562444777,129
99_chrishani_back,-33.961107617,18.562717953,130
99_chrishani_back,-33.958939848,18.56292021,131
99_chrishani_back,-33.956891743,18.563241941,132
99_chrishani_back,-33.9551511,18.563415179,133
99_chrishani_back,-33.953351013,18.563678658,134
99_chrishani_back,-33.952016999,18.563804365,135
99_chrishani_back,-33.950306361,18.56389068,136
99_chrishani_back,-33.948634955,18.563428398,137
99_chrishani_back,-33.94713166,18.56284188,138
99_chrishani_back,-33.945540979,18.562275718,139
99_chrishani_back,-33.94418008,18.56146288,140
99_chrishani_back,-33.943289554,18.560302071,141
99_chrishani_back,-33.942773776,18.558464535,142
99_chrishani_back,-33.942627022,18.556674396,143
99_chrishani_back,-33.942408094,18.554758384,144
99_chrishani_back,-33.942069801,18.550300454,145
99_chrishani_back,-33.941913468,18.547898078,146
99_chrishani_back,-33.941734194,18.545159699,147
99_chrishani_back,-33.941613657,18.543371195,148
99_chrishani_back,-33.941353843,18.540577571,149
99_chrishani_back,-33.940690833,18.536515248,150
99_chrishani_back,-33.939937687,18.532950914,151
99_chrishani_back,-33.939178821,18.530360166,152
99_chrishani_back,-33.938552615,18.528729998,153
99_chrishani_back,-33.937602941,18.526050764,154
99_chrishani_back,-33.936793033,18.524296501,155
99_chrishani_back,-33.935646844,18.523243164,156
99_chrishani_back,-33.934309336,18.522794205,157
99_chrishani_back,-33.933545426,18.522947413,158
99_chrishani_back,-33.932488726,18.522908324,159
99_chrishani_back,-33.930808598,18.522707169,160
99_chrishani_back,-33.929163129,18.521995409,161
99_chrishani_back,-33.92700967,18.520557619,162
99_chrishani_back,-33.923736278,18.517891191,163
99_chrishani_back,-33.922868206,18.517176876,164
99_chrishani_back,-33.922361718,18.516080495,165
99_chrishani_back,-33.922156696,18.51494281,166
99_chrishani_back,-33.922288439,18.513548223,167
99_chrishani_back,-33.922738738,18.510271743,168
99_chrishani_back,-33.92311254,18.505641802,169
99_chrishani_back,-33.922952987,18.503985263,170
99_chrishani_back,-33.921327259,18.502586421,171
99_chrishani_back,-33.919696335,18.50113056,172
99_chrishani_back,-33.918623399,18.499567913,173
99_chrishani_back,-33.916648393,18.495539383,174
99_chrishani_back,-33.916260099,18.493092091,175
99_chrishani_back,-33.916352846,18.49144974,176
99_chrishani_back,-33.917023137,18.487871281,177
99_chrishani_back,-33.919243387,18.478977213,178
99_chrishani_back,-33.920050211,18.47710105,179
99_chrishani_back,-33.920893996,18.474936146,180
99_chrishani_back,-33.921610197,18.471750503,181
99_chrishani_back,-33.922285139,18.468863798,182
99_chrishani_back,-33.922559249,18.466590928,183
99_chrishani_back,-33.922671454,18.463307613,184
99_chrishani_back,-33.922208503,18.459223006,185
99_chrishani_back,-33.92218078,18.455683452,186
99_chrishani_back,-33.922463011,18.45297906,187
99_chrishani_back,-33.923398581,18.449101681,188
99_chrishani_back,-33.924000745,18.4455913,189
99_chrishani_back,-33.924278072,18.443655033,190
99_chrishani_back,-33.924691462,18.442453176,191
99_chrishani_back,-33.925492545,18.43887435,192
99_chrishani_back,-33.925467629,18.43386986,193
99_chrishani_back,-33.924360439,18.428938921,194
99_chrishani_back,-33.922640744,18.426413442,195
